Passenger ID,TravelDistance,TravelTime,Cost,Take Uber,Waiting Time
0,4.0,360.0,6.91,true,121.0
1,5.0,450.0,8.1,true,120.0
2,4.0,360.0,6.91,true,120.0
3,10.0,899.9999999999999,14.05,true,120.0
4,2.0,180.00000000000003,4.529999999999999,true,121.0
5,1.0,90.0,3.34,true,120.0
6,2.0,180.0,4.529999999999999,true,240.0
7,3.0,270.0,5.72,true,120.0
8,2.0,180.0,4.529999999999999,true,120.0
9,3.0,270.0,5.72,true,120.0
10,1.0,90.0,3.34,true,120.0
11,5.0,450.0,8.1,true,120.0
12,1.0,90.0,3.34,true,120.0
13,4.0,360.0,6.91,true,121.0
14,1.0,90.0,3.34,true,120.0
15,3.0,270.0,5.72,true,121.0
16,1.0,90.0,3.34,true,120.0
17,5.0,450.00000000000006,8.1,true,120.0
18,1.0,90.0,3.34,true,120.0
19,5.0,450.00000000000006,8.1,true,240.0
20,1.0,89.99999999999997,3.34,true,121.0
21,1.0,90.0,3.34,true,120.0
22,5.0,450.0,8.1,true,120.0
23,2.0,180.00000000000003,4.529999999999999,true,120.0
24,5.0,450.0,8.1,true,120.0
25,3.0,270.0,5.72,true,121.0
26,4.0,359.99999999999994,6.91,true,120.0
27,2.0,180.0,4.529999999999999,true,120.0
28,1.0,90.0,3.34,true,120.0
29,1.0,89.99999999999997,3.34,true,120.0
30,2.0,179.99999999999997,4.529999999999999,true,120.0
31,2.0,180.0,4.529999999999999,true,121.0
32,5.0,449.99999999999994,8.1,true,121.0
33,1.0,90.0,3.34,true,120.0
34,5.0,450.0,8.1,true,121.0
35,2.0,179.99999999999997,4.529999999999999,true,120.0
36,5.0,450.0,8.1,true,121.0
37,8.0,720.0,11.67,true,120.0
38,1.0,90.0,3.34,true,121.0
39,4.0,360.0,6.91,true,120.0
40,1.0,90.0,3.34,true,121.0
41,1.0,90.0,3.34,true,120.0
42,2.0,180.0,4.529999999999999,true,120.0
43,1.0,89.99999999999997,3.34,true,121.0
44,5.0,450.00000000000006,8.1,true,120.0
45,1.0,90.0,3.34,true,120.0
46,1.0,90.0,3.34,true,121.0
47,11.0,990.0,15.239999999999998,true,120.0
48,8.0,720.0,11.67,true,120.0
49,4.0,359.99999999999994,6.91,true,120.0
50,2.0,180.0,4.529999999999999,true,121.0
51,4.0,360.0,6.91,true,120.0
52,5.0,449.99999999999994,8.1,true,120.0
53,1.0,90.0,3.34,true,121.0
54,4.0,360.0,6.91,true,120.0
55,2.0,180.0,4.529999999999999,true,120.0
56,2.0,179.99999999999997,4.529999999999999,true,120.0
57,4.0,360.0,6.91,true,120.0
58,4.0,360.0,6.91,true,120.0
59,5.0,449.99999999999994,8.1,true,120.0
60,3.0,270.0,5.72,true,121.0
61,2.0,180.0,4.529999999999999,true,121.0
62,4.0,360.0,6.91,true,240.0
63,2.0,180.0,4.529999999999999,true,240.0
64,2.0,180.00000000000003,4.529999999999999,true,120.0
65,2.0,180.0,4.529999999999999,true,121.0
66,3.0,270.00000000000006,5.72,true,120.0
67,6.0,540.0,9.29,true,120.0
68,4.0,360.0,6.91,true,120.0
69,4.0,359.99999999999994,6.91,true,120.0
70,3.0,270.0,5.72,true,121.0
71,4.0,360.0,6.91,true,120.0
72,2.0,180.0,4.529999999999999,true,120.0
73,1.0,90.0,3.34,true,120.0
74,1.0,90.0,3.34,true,121.0
75,4.0,360.0,6.91,true,121.0
76,2.0,180.0,4.529999999999999,true,121.0
77,4.0,360.0,6.91,true,240.0
78,7.0,630.0,10.48,true,240.0
79,1.0,90.0,3.34,true,120.0
80,1.0,90.0,3.34,true,120.0
81,1.0,90.0,3.34,true,240.0
82,4.0,360.0,6.91,true,120.0
83,1.0,90.0,3.34,true,120.0
84,6.0,540.0,9.29,true,240.0
85,4.0,360.0,6.91,true,122.0
86,4.0,360.0,6.91,true,120.0
87,3.0,270.0,5.72,true,121.0
88,2.0,180.0,4.529999999999999,true,120.0
89,2.0,180.0,4.529999999999999,true,120.0
90,2.0,180.0,4.529999999999999,true,120.0
91,1.0,90.0,3.34,true,120.0
92,4.0,360.0,6.91,true,120.0
93,1.0,89.99999999999994,3.34,true,241.0
94,1.0,90.0,3.34,true,120.0
95,4.0,359.99999999999994,6.91,true,120.0
96,1.0,90.0,3.34,true,120.0
97,2.0,180.0,4.529999999999999,true,120.0
98,1.0,90.0,3.34,true,121.0
99,3.0,270.0,5.72,true,121.0
100,3.0,269.99999999999994,5.72,true,120.0
101,3.0,270.0,5.72,true,121.0
102,2.0,180.0,4.529999999999999,true,240.0
103,3.0,270.0,5.72,true,122.0
104,6.0,540.0,9.29,true,240.0
105,2.0,180.0,4.529999999999999,true,121.0
106,6.0,540.0,9.29,true,121.0
107,4.0,360.00000000000006,6.91,true,120.0
108,4.0,360.0,6.91,true,120.0
109,1.0,90.0,3.34,true,121.0
110,3.0,270.0,5.72,true,122.0
111,2.0,180.0,4.529999999999999,true,120.0
112,6.0,540.0,9.29,true,240.0
113,2.0,180.0,4.529999999999999,true,120.0
114,6.0,540.0,9.29,true,121.0
115,1.0,90.0,3.34,true,121.0
116,1.0,90.0,3.34,true,240.0
117,6.0,540.0,9.29,true,120.0
118,2.0,180.0,4.529999999999999,true,121.0
119,1.0,90.0,3.34,true,120.0
120,6.0,540.0,9.29,true,120.0
121,1.0,90.0,3.34,true,121.0
122,2.0,180.00000000000006,4.529999999999999,true,242.0
123,5.0,450.0,8.1,true,120.0
124,2.0,180.0,4.529999999999999,true,120.0
125,5.0,449.99999999999994,8.1,true,120.0
126,3.0,269.99999999999994,5.72,true,121.0
127,1.0,90.0,3.34,true,120.0
128,1.0,90.0,3.34,true,241.0
129,4.0,360.0,6.91,true,121.0
130,5.0,449.99999999999994,8.1,true,121.0
131,3.0,270.0,5.72,true,120.0
132,5.0,449.99999999999994,8.1,true,120.0
133,1.0,90.0,3.34,true,120.0
134,1.0,90.0,3.34,true,120.0
135,3.0,270.0,5.72,true,120.0
136,2.0,180.0,4.529999999999999,true,121.0
137,1.0,90.0,3.34,true,240.0
138,6.0,540.0,9.29,true,120.0
139,5.0,449.99999999999994,8.1,true,241.0
140,2.0,179.99999999999994,4.529999999999999,true,120.0
141,3.0,270.0,5.72,true,240.0
142,5.0,450.0,8.1,true,241.0
143,7.0,630.0,10.48,true,241.0
144,1.0,90.0,3.34,true,121.0
145,6.0,540.0,9.29,true,120.0
146,1.0,90.0,3.34,true,123.0
147,2.0,180.0,4.529999999999999,true,240.0
148,1.0,90.0,3.34,true,242.0
149,2.0,180.0,4.529999999999999,true,120.0
150,1.0,90.0,3.34,true,241.0
151,2.0,179.99999999999994,4.529999999999999,true,120.0
152,3.0,270.0,5.72,true,360.0
153,1.0,89.99999999999994,3.34,true,120.0
154,2.0,180.0,4.529999999999999,true,240.0
155,6.0,540.0,9.29,true,120.0
156,5.0,449.99999999999994,8.1,true,121.0
157,1.0,89.99999999999994,3.34,true,120.0
158,3.0,269.99999999999994,5.72,true,120.0
159,4.0,360.0,6.91,true,120.0
160,1.0,90.0,3.34,true,122.0
161,6.0,540.0,9.29,true,240.0
162,1.0,90.0,3.34,true,240.0
163,2.0,180.0,4.529999999999999,true,241.0
164,5.0,450.0,8.1,true,360.0
165,11.0,989.9999999999999,15.239999999999998,true,120.0
166,8.0,720.0,11.67,true,242.0
167,1.0,89.99999999999994,3.34,true,120.0
168,1.0,90.0,3.34,true,120.0
169,4.0,360.0,6.91,true,360.0
170,4.0,359.99999999999994,6.91,true,120.0
171,5.0,450.0,8.1,true,240.0
172,2.0,180.0,4.529999999999999,true,360.0
173,10.0,900.0,14.05,true,242.0
174,6.0,540.0,9.29,true,124.0
175,3.0,270.0,5.72,true,122.0
176,4.0,360.0,6.91,true,480.0
177,2.0,180.00000000000006,4.529999999999999,true,120.0
178,1.0,90.0,3.34,true,240.0
179,2.0,180.00000000000006,4.529999999999999,true,121.0
180,7.0,630.0,10.48,true,360.0
181,1.0,90.00000000000006,3.34,true,120.0
182,4.0,359.99999999999994,6.91,true,126.0
183,3.0,269.99999999999994,5.72,true,123.0
184,7.0,630.0,10.48,true,840.0
185,2.0,179.99999999999994,4.529999999999999,true,120.0
186,4.0,360.0,6.91,true,242.0
187,4.0,360.00000000000006,6.91,true,120.0
188,3.0,270.0,5.72,true,360.0
189,1.0,90.0,3.34,true,602.0
190,1.0,90.0,3.34,true,840.0
191,4.0,360.0,6.91,true,603.0
192,3.0,270.0,5.72,true,1080.0
193,3.0,270.0,5.72,true,603.0
194,3.0,270.0,5.72,true,243.0
195,4.0,360.0,6.91,true,120.0
196,5.0,450.0000000000001,8.1,true,361.0
197,5.0,450.0,8.1,true,602.0
198,2.0,180.0,4.529999999999999,true,840.0
199,6.0,540.0,9.29,true,362.0
200,5.0,450.0,8.1,true,842.0
201,4.0,360.0,6.91,true,120.0
202,5.0,450.0,8.1,true,961.0
203,1.0,90.0,3.34,true,723.0
204,1.0,90.0,3.34,true,963.0
205,1.0,90.0,3.34,true,242.0
206,3.0,270.0,5.72,true,128.0
207,6.0,540.0,9.29,true,247.0
208,1.0,90.0,3.34,true,246.0
209,1.0,90.0,3.34,true,722.0
210,2.0,180.0,4.529999999999999,true,120.0
211,5.0,450.0,8.1,true,845.0
212,1.0,90.0,3.34,true,720.0
213,3.0,270.0,5.72,true,1200.0
214,4.0,360.0,6.91,true,1081.0
215,2.0,180.0,4.529999999999999,true,1204.0
216,1.0,90.0,3.34,true,364.0
217,4.0,360.0,6.91,true,600.0
218,1.0,90.0,3.34,true,365.0
219,3.0,270.0,5.72,true,1204.0
220,5.0,450.0,8.1,true,725.0
221,3.0,270.0,5.72,true,847.0
222,2.0,180.0,4.529999999999999,true,1082.0
223,2.0,180.0,4.529999999999999,true,244.0
224,1.0,90.0,3.34,true,245.0
225,1.0,90.0,3.34,true,849.0
226,1.0,90.0,3.34,true,721.0
227,7.0,630.0,10.48,true,728.0
228,2.0,180.0,4.529999999999999,true,965.0
229,1.0,90.0,3.34,true,726.0
230,1.0,90.0,3.34,true,606.0
231,5.0,450.0,8.1,true,847.0
232,1.0,90.0,3.34,true,247.0
233,5.0,450.0,8.1,true,964.0
234,2.0,180.0,4.529999999999999,true,965.0
235,1.0,90.0,3.34,true,1080.0
236,1.0,90.0,3.34,true,362.0
237,6.0,540.0,9.29,true,122.0
238,2.0,180.0,4.529999999999999,true,848.0
239,3.0,270.0,5.72,true,721.0
240,2.0,180.0,4.529999999999999,true,1088.0
241,4.0,360.0,6.91,true,607.0
242,1.0,90.0,3.34,true,844.0
243,2.0,180.0,4.529999999999999,true,1089.0
244,3.0,270.0,5.72,true,600.0
245,2.0,180.0,4.529999999999999,true,240.0
246,3.0,270.0,5.72,true,603.0
247,5.0,450.0,8.1,true,965.0
248,3.0,270.0,5.72,true,249.0
249,2.0,180.0,4.529999999999999,true,246.0
250,1.0,90.0,3.34,true,364.0
251,6.0,540.0,9.29,true,1202.0
252,1.0,90.0,3.34,true,246.0
253,1.0,90.0,3.34,true,1206.0
254,1.0,90.0,3.34,true,1204.0
255,1.0,90.0,3.34,true,720.0
256,1.0,90.0,3.34,true,602.0
257,1.0,90.0,3.34,true,1086.0
258,1.0,90.0,3.34,true,247.0
259,4.0,360.0,6.91,true,842.0
260,13.0,1170.0,17.619999999999997,true,486.0
261,2.0,180.0,4.529999999999999,true,961.0
262,4.0,360.0,6.91,true,1089.0
263,7.0,630.0000000000001,10.48,true,482.0
264,2.0,180.0,4.529999999999999,true,247.0
265,2.0,180.0,4.529999999999999,true,1089.0
266,1.0,90.0,3.34,true,1088.0
267,2.0,180.0,4.529999999999999,true,249.0
268,2.0,180.0,4.529999999999999,true,720.0
269,3.0,270.0,5.72,true,966.0
270,1.0,90.0,3.34,true,360.0
271,1.0,90.0,3.34,true,727.0
272,3.0,270.0,5.72,true,247.0
273,9.0,809.9999999999998,12.86,true,849.0
274,1.0,90.0,3.34,true,1089.0
275,1.0,90.0,3.34,true,1204.0
276,1.0,90.0,3.34,true,489.0
277,1.0,90.0,3.34,true,727.0
278,1.0,90.0,3.34,true,841.0
279,6.0,540.0,9.29,true,608.0
280,1.0,90.0,3.34,true,604.0
281,1.0,90.0,3.34,true,366.0
282,1.0,90.0,3.34,true,966.0
283,3.0,270.0,5.72,true,367.0
284,2.0,180.0,4.529999999999999,true,249.0
285,5.0,450.0,8.1,true,1080.0
286,8.0,720.0,11.67,true,600.0
287,1.0,90.0,3.34,true,246.0
288,7.0,630.0,10.48,true,720.0
289,2.0,180.0,4.529999999999999,true,607.0
290,6.0,540.0,9.29,true,487.0
291,1.0,90.0,3.34,true,246.0
292,1.0,90.0,3.34,true,844.0
293,5.0,450.0,8.1,true,728.0
294,1.0,90.0,3.34,true,1085.0
295,5.0,0.0,0.0,false,0.0
296,1.0,0.0,0.0,false,0.0
297,2.0,0.0,0.0,false,0.0
298,1.0,90.0,3.34,true,722.0
299,8.0,720.0000000000002,11.67,true,840.0
300,7.0,630.0000000000001,10.48,true,243.0
301,4.0,360.0000000000001,6.91,true,247.0
302,3.0,270.0,5.72,true,1089.0
303,2.0,180.0,4.529999999999999,true,482.0
304,2.0,180.0,4.529999999999999,true,364.0
305,3.0,270.0,5.72,true,721.0
306,3.0,270.0,5.72,true,249.0
307,1.0,90.0,3.34,true,1206.0
308,3.0,270.0000000000001,5.72,true,360.0
309,1.0,90.0,3.34,true,846.0
310,9.0,809.9999999999999,12.86,true,368.0
311,1.0,90.0,3.34,true,604.0
312,2.0,180.0000000000001,4.529999999999999,true,249.0
313,1.0,90.0,3.34,true,125.0
314,1.0,0.0,0.0,false,0.0
315,3.0,270.0000000000002,5.72,true,1207.0
316,6.0,540.0000000000001,9.29,true,361.0
317,2.0,180.0,4.529999999999999,true,1204.0
318,4.0,360.0,6.91,true,964.0
319,2.0,180.0,4.529999999999999,true,841.0
320,4.0,360.0,6.91,true,1201.0
321,4.0,360.0000000000001,6.91,true,243.0
322,5.0,450.0,8.1,true,488.0
323,4.0,360.0,6.91,true,967.0
324,9.0,810.0,12.86,true,965.0
325,8.0,720.0,11.67,true,368.0
326,2.0,180.0,4.529999999999999,true,1206.0
327,7.0,629.9999999999998,10.48,true,840.0
328,6.0,540.0,9.29,true,489.0
329,1.0,90.0,3.34,true,963.0
330,3.0,270.0,5.72,true,603.0
331,3.0,270.0,5.72,true,968.0
332,1.0,90.0,3.34,true,369.0
333,4.0,0.0,0.0,false,0.0
334,4.0,360.0,6.91,true,604.0
335,4.0,0.0,0.0,false,0.0
336,4.0,0.0,0.0,false,0.0
337,2.0,180.0,4.529999999999999,true,368.0
338,2.0,180.0,4.529999999999999,true,848.0
339,1.0,0.0,0.0,false,0.0
340,6.0,0.0,0.0,false,0.0
341,1.0,0.0,0.0,false,0.0
342,1.0,0.0,0.0,false,0.0
343,6.0,540.0,9.29,true,966.0
344,2.0,180.0,4.529999999999999,true,721.0
345,2.0,180.0,4.529999999999999,true,724.0
346,1.0,90.0,3.34,true,1200.0
347,11.0,990.0,15.239999999999998,true,1080.0
348,3.0,0.0,0.0,false,0.0
349,5.0,0.0,0.0,false,0.0
350,5.0,0.0,0.0,false,0.0
351,1.0,0.0,0.0,false,0.0
352,3.0,0.0,0.0,false,0.0
353,4.0,0.0,0.0,false,0.0
354,3.0,0.0,0.0,false,0.0
355,1.0,0.0,0.0,false,0.0
356,2.0,0.0,0.0,false,0.0
357,5.0,0.0,0.0,false,0.0
358,2.0,180.0,4.529999999999999,true,1085.0
359,1.0,0.0,0.0,false,0.0
360,4.0,360.0,6.91,true,368.0
361,3.0,270.0,5.72,true,606.0
362,4.0,360.0000000000001,6.91,true,244.0
363,2.0,180.0,4.529999999999999,true,847.0
364,4.0,360.0,6.91,true,125.0
365,2.0,0.0,0.0,false,0.0
366,2.0,180.0,4.529999999999999,true,722.0
367,9.0,810.0,12.86,true,1202.0
368,1.0,90.0,3.34,true,604.0
369,3.0,0.0,0.0,false,0.0
370,1.0,0.0,0.0,false,0.0
371,6.0,540.0,9.29,true,124.0
372,6.0,0.0,0.0,false,0.0
373,1.0,0.0,0.0,false,0.0
374,1.0,0.0,0.0,false,0.0
375,1.0,0.0,0.0,false,0.0
376,1.0,90.0,3.34,true,1209.0
377,1.0,0.0,0.0,false,0.0
378,4.0,0.0,0.0,false,0.0
379,1.0,0.0,0.0,false,0.0
380,4.0,0.0,0.0,false,0.0
381,5.0,0.0,0.0,false,0.0
382,5.0,0.0,0.0,false,0.0
383,1.0,0.0,0.0,false,0.0
384,3.0,0.0,0.0,false,0.0
385,1.0,0.0,0.0,false,0.0
386,2.0,0.0,0.0,false,0.0
387,9.0,0.0,0.0,false,0.0
388,4.0,0.0,0.0,false,0.0
389,4.0,360.0,6.91,true,1203.0
390,12.0,0.0,0.0,false,0.0
391,5.0,0.0,0.0,false,0.0
392,4.0,0.0,0.0,false,0.0
393,2.0,0.0,0.0,false,0.0
394,5.0,0.0,0.0,false,0.0
395,1.0,90.0,3.34,true,602.0
396,3.0,270.0,5.72,true,249.0
397,3.0,0.0,0.0,false,0.0
398,1.0,90.0,3.34,true,1209.0
399,1.0,0.0,0.0,false,0.0
400,2.0,180.0,4.529999999999999,true,1204.0
401,3.0,270.0,5.72,true,603.0
402,2.0,0.0,0.0,false,0.0
403,2.0,180.0,4.529999999999999,true,1081.0
404,2.0,180.0,4.529999999999999,true,720.0
405,2.0,180.0,4.529999999999999,true,484.0
406,4.0,0.0,0.0,false,0.0
407,2.0,0.0,0.0,false,0.0
408,4.0,0.0,0.0,false,0.0
409,3.0,270.0,5.72,true,847.0
410,7.0,630.0,10.48,true,847.0
411,5.0,0.0,0.0,false,0.0
412,4.0,0.0,0.0,false,0.0
413,2.0,0.0,0.0,false,0.0
414,1.0,0.0,0.0,false,0.0
415,1.0,0.0,0.0,false,0.0
416,3.0,0.0,0.0,false,0.0
417,4.0,0.0,0.0,false,0.0
418,1.0,90.0,3.34,true,366.0
419,6.0,540.0,9.29,true,962.0
420,3.0,270.0,5.72,true,1200.0
421,3.0,0.0,0.0,false,0.0
422,3.0,270.0,5.72,true,120.0
423,1.0,0.0,0.0,false,0.0
424,7.0,0.0,0.0,false,0.0
425,7.0,630.0000000000002,10.48,true,723.0
426,6.0,0.0,0.0,false,0.0
427,2.0,0.0,0.0,false,0.0
428,9.0,0.0,0.0,false,0.0
429,2.0,0.0,0.0,false,0.0
430,2.0,0.0,0.0,false,0.0
431,4.0,0.0,0.0,false,0.0
432,10.0,899.9999999999998,14.05,true,1087.0
433,2.0,180.0,4.529999999999999,true,1086.0
434,1.0,90.0,3.34,true,727.0
435,2.0,180.0,4.529999999999999,true,964.0
436,3.0,270.0,5.72,true,960.0
437,1.0,0.0,0.0,false,0.0
438,5.0,0.0,0.0,false,0.0
439,2.0,180.0,4.529999999999999,true,844.0
440,3.0,270.0,5.72,true,962.0
441,1.0,90.0,3.34,true,127.0
442,2.0,180.0,4.529999999999999,true,960.0
443,2.0,180.0,4.529999999999999,true,126.0
444,2.0,0.0,0.0,false,0.0
445,2.0,0.0,0.0,false,0.0
446,1.0,0.0,0.0,false,0.0
447,1.0,90.0,3.34,true,601.0
448,2.0,0.0,0.0,false,0.0
449,1.0,90.0,3.34,true,1086.0
450,3.0,0.0,0.0,false,0.0
451,1.0,90.0,3.34,true,843.0
452,3.0,270.0,5.72,true,485.0
453,3.0,270.0,5.72,true,1082.0
454,3.0,270.0,5.72,true,1208.0
455,2.0,180.0,4.529999999999999,true,363.0
456,3.0,0.0,0.0,false,0.0
457,2.0,180.0,4.529999999999999,true,721.0
458,1.0,0.0,0.0,false,0.0
459,3.0,270.0,5.72,true,248.0
460,2.0,180.0,4.529999999999999,true,849.0
461,1.0,90.0,3.34,true,249.0
462,1.0,0.0,0.0,false,0.0
463,2.0,180.0,4.529999999999999,true,722.0
464,1.0,0.0,0.0,false,0.0
465,4.0,0.0,0.0,false,0.0
466,5.0,0.0,0.0,false,0.0
467,2.0,0.0,0.0,false,0.0
468,2.0,0.0,0.0,false,0.0
469,4.0,360.0,6.91,true,124.0
470,1.0,0.0,0.0,false,0.0
471,1.0,90.0,3.34,true,361.0
472,1.0,0.0,0.0,false,0.0
473,2.0,0.0,0.0,false,0.0
474,4.0,360.0,6.91,true,485.0
475,10.0,900.0,14.05,true,482.0
476,3.0,270.0,5.72,true,484.0
477,3.0,270.0,5.72,true,843.0
478,4.0,0.0,0.0,false,0.0
479,3.0,270.0,5.72,true,121.0
480,5.0,0.0,0.0,false,0.0
481,4.0,360.0,6.91,true,129.0
482,5.0,0.0,0.0,false,0.0
483,2.0,0.0,0.0,false,0.0
484,1.0,0.0,0.0,false,0.0
485,3.0,0.0,0.0,false,0.0
486,2.0,0.0,0.0,false,0.0
487,1.0,0.0,0.0,false,0.0
488,1.0,0.0,0.0,false,0.0
489,2.0,0.0,0.0,false,0.0
490,1.0,0.0,0.0,false,0.0
491,1.0,0.0,0.0,false,0.0
492,2.0,0.0,0.0,false,0.0
493,1.0,0.0,0.0,false,0.0
494,8.0,0.0,0.0,false,0.0
495,1.0,0.0,0.0,false,0.0
496,1.0,0.0,0.0,false,0.0
497,1.0,0.0,0.0,false,0.0
498,3.0,0.0,0.0,false,0.0
499,6.0,540.0,9.29,true,248.0
500,2.0,180.0,4.529999999999999,true,1082.0
501,4.0,360.0,6.91,true,122.0
502,1.0,90.0,3.34,true,487.0
503,2.0,180.0,4.529999999999999,true,367.0
504,1.0,90.0,3.34,true,848.0
505,5.0,0.0,0.0,false,0.0
506,4.0,0.0,0.0,false,0.0
507,6.0,0.0,0.0,false,0.0
508,3.0,0.0,0.0,false,0.0
509,1.0,0.0,0.0,false,0.0
510,3.0,0.0,0.0,false,0.0
511,4.0,359.9999999999998,6.91,true,849.0
512,1.0,90.0,3.34,true,603.0
513,2.0,0.0,0.0,false,0.0
514,1.0,90.0,3.34,true,1080.0
515,2.0,180.0,4.529999999999999,true,128.0
516,1.0,90.0,3.34,true,601.0
517,2.0,0.0,0.0,false,0.0
518,3.0,0.0,0.0,false,0.0
519,4.0,360.0,6.91,true,1206.0
520,2.0,0.0,0.0,false,0.0
521,2.0,180.0,4.529999999999999,true,729.0
522,3.0,0.0,0.0,false,0.0
523,7.0,0.0,0.0,false,0.0
524,2.0,0.0,0.0,false,0.0
525,1.0,0.0,0.0,false,0.0
526,5.0,0.0,0.0,false,0.0
527,2.0,0.0,0.0,false,0.0
528,1.0,0.0,0.0,false,0.0
529,3.0,0.0,0.0,false,0.0
530,1.0,0.0,0.0,false,0.0
531,1.0,0.0,0.0,false,0.0
532,1.0,90.0,3.34,true,725.0
533,1.0,90.0,3.34,true,1080.0
534,8.0,0.0,0.0,false,0.0
535,1.0,0.0,0.0,false,0.0
536,3.0,0.0,0.0,false,0.0
537,5.0,0.0,0.0,false,0.0
538,4.0,0.0,0.0,false,0.0
539,1.0,0.0,0.0,false,0.0
540,1.0,0.0,0.0,false,0.0
541,4.0,0.0,0.0,false,0.0
542,3.0,0.0,0.0,false,0.0
543,2.0,0.0,0.0,false,0.0
544,1.0,0.0,0.0,false,0.0
545,3.0,0.0,0.0,false,0.0
546,9.0,0.0,0.0,false,0.0
547,2.0,0.0,0.0,false,0.0
548,1.0,0.0,0.0,false,0.0
549,4.0,0.0,0.0,false,0.0
550,3.0,0.0,0.0,false,0.0
551,5.0,0.0,0.0,false,0.0
552,5.0,0.0,0.0,false,0.0
553,4.0,360.0,6.91,true,482.0
554,1.0,0.0,0.0,false,0.0
555,2.0,0.0,0.0,false,0.0
556,1.0,90.0,3.34,true,969.0
557,1.0,0.0,0.0,false,0.0
558,8.0,0.0,0.0,false,0.0
559,8.0,0.0,0.0,false,0.0
560,1.0,0.0,0.0,false,0.0
561,4.0,0.0,0.0,false,0.0
562,1.0,0.0,0.0,false,0.0
563,2.0,0.0,0.0,false,0.0
564,1.0,0.0,0.0,false,0.0
565,1.0,0.0,0.0,false,0.0
566,1.0,90.0,3.34,true,368.0
567,3.0,270.0,5.72,true,1202.0
568,7.0,0.0,0.0,false,0.0
569,3.0,270.0,5.72,true,966.0
570,4.0,0.0,0.0,false,0.0
571,2.0,180.0,4.529999999999999,true,1085.0
572,3.0,270.0,5.72,true,608.0
573,2.0,180.0,4.529999999999999,true,241.0
574,3.0,0.0,0.0,false,0.0
575,1.0,0.0,0.0,false,0.0
576,13.0,0.0,0.0,false,0.0
577,3.0,0.0,0.0,false,0.0
578,1.0,0.0,0.0,false,0.0
579,5.0,0.0,0.0,false,0.0
580,2.0,180.0,4.529999999999999,true,1205.0
581,2.0,180.0,4.529999999999999,true,366.0
582,3.0,0.0,0.0,false,0.0
583,5.0,0.0,0.0,false,0.0
584,2.0,0.0,0.0,false,0.0
585,2.0,0.0,0.0,false,0.0
586,3.0,0.0,0.0,false,0.0
587,2.0,0.0,0.0,false,0.0
588,6.0,0.0,0.0,false,0.0
589,3.0,0.0,0.0,false,0.0
590,1.0,90.0,3.34,true,248.0
591,4.0,0.0,0.0,false,0.0
592,1.0,0.0,0.0,false,0.0
593,5.0,0.0,0.0,false,0.0
594,10.0,0.0,0.0,false,0.0
595,2.0,0.0,0.0,false,0.0
596,5.0,0.0,0.0,false,0.0
597,2.0,180.0,4.529999999999999,true,246.0
598,2.0,0.0,0.0,false,0.0
599,2.0,180.0,4.529999999999999,true,607.0
600,3.0,270.0,5.72,true,724.0
601,1.0,0.0,0.0,false,0.0
602,4.0,360.0,6.91,true,846.0
603,3.0,270.0,5.72,true,600.0
604,2.0,180.0,4.529999999999999,true,725.0
605,1.0,90.0,3.34,true,1204.0
606,3.0,269.9999999999998,5.72,true,722.0
607,7.0,630.0,10.48,true,846.0
608,1.0,0.0,0.0,false,0.0
609,1.0,90.0,3.34,true,1201.0
610,2.0,0.0,0.0,false,0.0
611,1.0,0.0,0.0,false,0.0
612,1.0,0.0,0.0,false,0.0
613,1.0,90.0,3.34,true,1201.0
614,3.0,0.0,0.0,false,0.0
615,3.0,0.0,0.0,false,0.0
616,1.0,90.0,3.34,true,964.0
617,6.0,0.0,0.0,false,0.0
618,7.0,0.0,0.0,false,0.0
619,3.0,0.0,0.0,false,0.0
620,5.0,0.0,0.0,false,0.0
621,1.0,90.0,3.34,true,962.0
622,4.0,360.0,6.91,true,1080.0
623,5.0,450.0,8.1,true,1202.0
624,1.0,0.0,0.0,false,0.0
625,4.0,0.0,0.0,false,0.0
626,1.0,0.0,0.0,false,0.0
627,1.0,0.0,0.0,false,0.0
628,1.0,0.0,0.0,false,0.0
629,3.0,0.0,0.0,false,0.0
630,3.0,0.0,0.0,false,0.0
631,1.0,0.0,0.0,false,0.0
632,3.0,0.0,0.0,false,0.0
633,3.0,270.0000000000002,5.72,true,725.0
634,3.0,0.0,0.0,false,0.0
635,2.0,0.0,0.0,false,0.0
636,5.0,449.9999999999998,8.1,true,369.0
637,4.0,360.0000000000002,6.91,true,720.0
638,3.0,0.0,0.0,false,0.0
639,4.0,360.0,6.91,true,603.0
640,2.0,180.0,4.529999999999999,true,843.0
641,4.0,360.0,6.91,true,1082.0
642,11.0,0.0,0.0,false,0.0
643,1.0,0.0,0.0,false,0.0
644,4.0,360.0,6.91,true,847.0
645,2.0,0.0,0.0,false,0.0
646,4.0,0.0,0.0,false,0.0
647,1.0,0.0,0.0,false,0.0
648,1.0,0.0,0.0,false,0.0
649,1.0,0.0,0.0,false,0.0
650,8.0,0.0,0.0,false,0.0
651,4.0,360.0,6.91,true,1203.0
652,2.0,0.0,0.0,false,0.0
653,6.0,0.0,0.0,false,0.0
654,4.0,0.0,0.0,false,0.0
655,1.0,0.0,0.0,false,0.0
656,3.0,0.0,0.0,false,0.0
657,13.0,0.0,0.0,false,0.0
658,1.0,90.0,3.34,true,602.0
659,3.0,270.0,5.72,true,842.0
660,7.0,0.0,0.0,false,0.0
661,2.0,180.0,4.529999999999999,true,124.0
662,3.0,270.0,5.72,true,967.0
663,2.0,0.0,0.0,false,0.0
664,2.0,180.0,4.529999999999999,true,1207.0
665,5.0,0.0,0.0,false,0.0
666,2.0,180.0,4.529999999999999,true,489.0
667,1.0,90.0,3.34,true,242.0
668,2.0,180.0,4.529999999999999,true,124.0
669,1.0,0.0,0.0,false,0.0
670,7.0,0.0,0.0,false,0.0
671,4.0,0.0,0.0,false,0.0
672,2.0,180.0,4.529999999999999,true,849.0
673,2.0,0.0,0.0,false,0.0
674,1.0,0.0,0.0,false,0.0
675,1.0,0.0,0.0,false,0.0
676,18.0,0.0,0.0,false,0.0
677,5.0,0.0,0.0,false,0.0
678,2.0,0.0,0.0,false,0.0
679,5.0,450.0,8.1,true,721.0
680,1.0,0.0,0.0,false,0.0
681,2.0,0.0,0.0,false,0.0
682,2.0,0.0,0.0,false,0.0
683,2.0,0.0,0.0,false,0.0
684,5.0,0.0,0.0,false,0.0
685,1.0,90.0,3.34,true,722.0
686,5.0,450.0,8.1,true,481.0
687,6.0,540.0,9.29,true,247.0
688,1.0,0.0,0.0,false,0.0
689,1.0,0.0,0.0,false,0.0
690,3.0,0.0,0.0,false,0.0
691,2.0,180.0,4.529999999999999,true,727.0
692,3.0,0.0,0.0,false,0.0
693,2.0,180.0,4.529999999999999,true,962.0
694,5.0,0.0,0.0,false,0.0
695,4.0,0.0,0.0,false,0.0
696,2.0,0.0,0.0,false,0.0
697,1.0,0.0,0.0,false,0.0
698,1.0,90.0,3.34,true,241.0
699,1.0,0.0,0.0,false,0.0
700,1.0,0.0,0.0,false,0.0
701,5.0,0.0,0.0,false,0.0
702,3.0,269.9999999999998,5.72,true,367.0
703,1.0,90.0,3.34,true,1209.0
704,3.0,270.0,5.72,true,728.0
705,1.0,90.0,3.34,true,249.0
706,4.0,0.0,0.0,false,0.0
707,2.0,179.99999999999977,4.529999999999999,true,489.0
708,2.0,180.0,4.529999999999999,true,841.0
709,3.0,270.0,5.72,true,966.0
710,1.0,0.0,0.0,false,0.0
711,9.0,0.0,0.0,false,0.0
712,1.0,0.0,0.0,false,0.0
713,8.0,0.0,0.0,false,0.0
714,1.0,0.0,0.0,false,0.0
715,4.0,0.0,0.0,false,0.0
716,7.0,0.0,0.0,false,0.0
717,1.0,0.0,0.0,false,0.0
718,1.0,0.0,0.0,false,0.0
719,5.0,450.0000000000002,8.1,true,485.0
720,5.0,0.0,0.0,false,0.0
721,2.0,180.0,4.529999999999999,true,843.0
722,6.0,540.0000000000002,9.29,true,243.0
723,1.0,0.0,0.0,false,0.0
724,1.0,90.0,3.34,true,127.0
725,1.0,90.0,3.34,true,366.0
726,2.0,180.0,4.529999999999999,true,602.0
727,1.0,0.0,0.0,false,0.0
728,4.0,0.0,0.0,false,0.0
729,1.0,90.0,3.34,true,961.0
730,2.0,0.0,0.0,false,0.0
731,2.0,0.0,0.0,false,0.0
732,1.0,90.0,3.34,true,1081.0
733,11.0,990.0,15.239999999999998,true,848.0
734,1.0,90.00000000000023,3.34,true,483.0
735,6.0,0.0,0.0,false,0.0
736,1.0,0.0,0.0,false,0.0
737,4.0,0.0,0.0,false,0.0
738,1.0,0.0,0.0,false,0.0
739,3.0,270.0,5.72,true,485.0
740,2.0,0.0,0.0,false,0.0
741,1.0,90.0,3.34,true,1089.0
742,2.0,180.0,4.529999999999999,true,363.0
743,2.0,0.0,0.0,false,0.0
744,3.0,270.0000000000002,5.72,true,362.0
745,2.0,180.0,4.529999999999999,true,368.0
746,6.0,540.0,9.29,true,728.0
747,1.0,0.0,0.0,false,0.0
748,2.0,0.0,0.0,false,0.0
749,1.0,0.0,0.0,false,0.0
750,1.0,0.0,0.0,false,0.0
751,9.0,810.0,12.86,true,846.0
752,2.0,0.0,0.0,false,0.0
753,4.0,0.0,0.0,false,0.0
754,1.0,0.0,0.0,false,0.0
755,1.0,0.0,0.0,false,0.0
756,3.0,0.0,0.0,false,0.0
757,8.0,0.0,0.0,false,0.0
758,5.0,0.0,0.0,false,0.0
759,1.0,0.0,0.0,false,0.0
760,3.0,0.0,0.0,false,0.0
761,2.0,0.0,0.0,false,0.0
762,1.0,0.0,0.0,false,0.0
763,2.0,0.0,0.0,false,0.0
764,4.0,0.0,0.0,false,0.0
765,1.0,0.0,0.0,false,0.0
766,4.0,0.0,0.0,false,0.0
767,1.0,0.0,0.0,false,0.0
768,2.0,180.00000000000023,4.529999999999999,true,488.0
769,3.0,0.0,0.0,false,0.0
770,2.0,0.0,0.0,false,0.0
771,3.0,0.0,0.0,false,0.0
772,7.0,0.0,0.0,false,0.0
773,5.0,0.0,0.0,false,0.0
774,3.0,269.9999999999998,5.72,true,246.0
775,1.0,0.0,0.0,false,0.0
776,4.0,0.0,0.0,false,0.0
777,1.0,0.0,0.0,false,0.0
778,1.0,90.00000000000023,3.34,true,480.0
779,5.0,450.0,8.1,true,244.0
780,3.0,0.0,0.0,false,0.0
781,4.0,0.0,0.0,false,0.0
782,2.0,0.0,0.0,false,0.0
783,1.0,90.0,3.34,true,844.0
784,3.0,0.0,0.0,false,0.0
785,1.0,0.0,0.0,false,0.0
786,2.0,0.0,0.0,false,0.0
787,2.0,0.0,0.0,false,0.0
788,1.0,0.0,0.0,false,0.0
789,1.0,0.0,0.0,false,0.0
790,5.0,450.0,8.1,true,483.0
791,3.0,0.0,0.0,false,0.0
792,1.0,0.0,0.0,false,0.0
793,4.0,360.0,6.91,true,729.0
794,1.0,0.0,0.0,false,0.0
795,4.0,0.0,0.0,false,0.0
796,4.0,0.0,0.0,false,0.0
797,1.0,0.0,0.0,false,0.0
798,1.0,90.0,3.34,true,1086.0
799,23.0,2070.0,29.519999999999996,true,360.0
800,2.0,0.0,0.0,false,0.0
801,2.0,0.0,0.0,false,0.0
802,4.0,0.0,0.0,false,0.0
803,1.0,0.0,0.0,false,0.0
804,1.0,0.0,0.0,false,0.0
805,4.0,360.0,6.91,true,1207.0
806,2.0,180.0,4.529999999999999,true,603.0
807,2.0,180.0,4.529999999999999,true,1201.0
808,1.0,0.0,0.0,false,0.0
809,2.0,0.0,0.0,false,0.0
810,3.0,270.0,5.72,true,1084.0
811,4.0,0.0,0.0,false,0.0
812,7.0,0.0,0.0,false,0.0
813,3.0,0.0,0.0,false,0.0
814,1.0,90.0,3.34,true,1081.0
815,3.0,270.0,5.72,true,608.0
816,2.0,180.0,4.529999999999999,true,728.0
817,1.0,90.0,3.34,true,121.0
818,6.0,540.0000000000002,9.29,true,363.0
819,3.0,0.0,0.0,false,0.0
820,1.0,0.0,0.0,false,0.0
821,2.0,0.0,0.0,false,0.0
822,2.0,180.0,4.529999999999999,true,964.0
823,9.0,0.0,0.0,false,0.0
824,3.0,0.0,0.0,false,0.0
825,2.0,0.0,0.0,false,0.0
826,1.0,0.0,0.0,false,0.0
827,2.0,180.0,4.529999999999999,true,849.0
828,1.0,90.0,3.34,true,125.0
829,7.0,630.0,10.48,true,968.0
830,3.0,270.0,5.72,true,480.0
831,2.0,180.0,4.529999999999999,true,1205.0
832,4.0,0.0,0.0,false,0.0
833,1.0,90.00000000000023,3.34,true,368.0
834,2.0,0.0,0.0,false,0.0
835,6.0,0.0,0.0,false,0.0
836,1.0,0.0,0.0,false,0.0
837,1.0,0.0,0.0,false,0.0
838,1.0,90.0,3.34,true,960.0
839,2.0,180.0,4.529999999999999,true,842.0
840,1.0,90.0,3.34,true,488.0
841,1.0,90.0,3.34,true,247.0
842,11.0,0.0,0.0,false,0.0
843,2.0,0.0,0.0,false,0.0
844,1.0,90.0,3.34,true,845.0
845,2.0,0.0,0.0,false,0.0
846,1.0,0.0,0.0,false,0.0
847,1.0,0.0,0.0,false,0.0
848,1.0,0.0,0.0,false,0.0
849,1.0,0.0,0.0,false,0.0
850,1.0,90.0,3.34,true,364.0
851,6.0,540.0000000000002,9.29,true,360.0
852,6.0,540.0,9.29,true,1087.0
853,2.0,180.0,4.529999999999999,true,483.0
854,1.0,90.0,3.34,true,605.0
855,3.0,0.0,0.0,false,0.0
856,1.0,0.0,0.0,false,0.0
857,4.0,0.0,0.0,false,0.0
858,5.0,450.0,8.1,true,726.0
859,5.0,0.0,0.0,false,0.0
860,8.0,720.0000000000002,11.67,true,125.0
861,3.0,270.0,5.72,true,486.0
862,1.0,90.0,3.34,true,126.0
863,3.0,0.0,0.0,false,0.0
864,3.0,0.0,0.0,false,0.0
865,5.0,0.0,0.0,false,0.0
866,1.0,0.0,0.0,false,0.0
867,4.0,360.0,6.91,true,600.0
868,2.0,180.0,4.529999999999999,true,1208.0
869,5.0,450.0,8.1,true,847.0
870,1.0,90.0,3.34,true,249.0
871,2.0,180.0,4.529999999999999,true,121.0
872,5.0,450.0,8.1,true,724.0
873,2.0,180.0,4.529999999999999,true,242.0
874,3.0,270.0,5.72,true,1087.0
875,1.0,90.0,3.34,true,121.0
876,1.0,90.0,3.34,true,968.0
877,6.0,539.9999999999998,9.29,true,241.0
878,6.0,539.9999999999998,9.29,true,126.0
879,2.0,180.0,4.529999999999999,true,122.0
880,4.0,359.9999999999998,6.91,true,123.0
881,3.0,0.0,0.0,false,0.0
882,1.0,90.0,3.34,true,964.0
883,1.0,0.0,0.0,false,0.0
884,1.0,90.0,3.34,true,844.0
885,4.0,0.0,0.0,false,0.0
886,2.0,0.0,0.0,false,0.0
887,1.0,0.0,0.0,false,0.0
888,1.0,0.0,0.0,false,0.0
889,2.0,0.0,0.0,false,0.0
890,3.0,0.0,0.0,false,0.0
891,3.0,0.0,0.0,false,0.0
892,7.0,0.0,0.0,false,0.0
893,2.0,0.0,0.0,false,0.0
894,1.0,90.0,3.34,true,602.0
895,2.0,180.0,4.529999999999999,true,726.0
896,2.0,180.00000000000023,4.529999999999999,true,249.0
897,1.0,90.0,3.34,true,1084.0
898,3.0,270.0,5.72,true,964.0
899,5.0,450.0,8.1,true,485.0
900,3.0,270.0,5.72,true,721.0
901,1.0,0.0,0.0,false,0.0
902,9.0,0.0,0.0,false,0.0
903,4.0,360.0,6.91,true,241.0
904,2.0,180.0,4.529999999999999,true,1089.0
905,1.0,0.0,0.0,false,0.0
906,1.0,0.0,0.0,false,0.0
907,6.0,0.0,0.0,false,0.0
908,1.0,90.0,3.34,true,242.0
909,2.0,0.0,0.0,false,0.0
910,1.0,90.0,3.34,true,608.0
911,2.0,180.0,4.529999999999999,true,1081.0
912,1.0,0.0,0.0,false,0.0
913,2.0,0.0,0.0,false,0.0
914,1.0,0.0,0.0,false,0.0
915,4.0,360.0,6.91,true,249.0
916,3.0,270.0,5.72,true,1204.0
917,1.0,90.0,3.34,true,1207.0
918,3.0,270.0,5.72,true,1209.0
919,3.0,270.0000000000002,5.72,true,123.0
920,1.0,90.0,3.34,true,120.0
921,5.0,0.0,0.0,false,0.0
922,2.0,0.0,0.0,false,0.0
923,1.0,90.0,3.34,true,604.0
924,4.0,0.0,0.0,false,0.0
925,5.0,450.0,8.1,true,848.0
926,4.0,0.0,0.0,false,0.0
927,7.0,0.0,0.0,false,0.0
928,1.0,0.0,0.0,false,0.0
929,4.0,0.0,0.0,false,0.0
930,1.0,90.0,3.34,true,362.0
931,1.0,90.0,3.34,true,722.0
932,1.0,90.00000000000023,3.34,true,122.0
933,3.0,270.0,5.72,true,488.0
934,1.0,0.0,0.0,false,0.0
935,1.0,0.0,0.0,false,0.0
936,1.0,0.0,0.0,false,0.0
937,1.0,0.0,0.0,false,0.0
938,5.0,0.0,0.0,false,0.0
939,2.0,180.0,4.529999999999999,true,246.0
940,1.0,0.0,0.0,false,0.0
941,1.0,0.0,0.0,false,0.0
942,4.0,0.0,0.0,false,0.0
943,2.0,0.0,0.0,false,0.0
944,7.0,0.0,0.0,false,0.0
945,3.0,0.0,0.0,false,0.0
946,1.0,90.0,3.34,true,603.0
947,5.0,450.0,8.1,true,124.0
948,1.0,0.0,0.0,false,0.0
949,5.0,450.0,8.1,true,243.0
950,1.0,90.0,3.34,true,369.0
951,1.0,90.0,3.34,true,968.0
952,4.0,360.0,6.91,true,1204.0
953,3.0,270.0,5.72,true,1089.0
954,2.0,180.0,4.529999999999999,true,723.0
955,7.0,630.0,10.48,true,963.0
956,2.0,180.0,4.529999999999999,true,120.0
957,2.0,180.0,4.529999999999999,true,1200.0
958,3.0,0.0,0.0,false,0.0
959,1.0,0.0,0.0,false,0.0
960,2.0,180.0,4.529999999999999,true,606.0
961,9.0,810.0,12.86,true,369.0
962,1.0,0.0,0.0,false,0.0
963,6.0,540.0,9.29,true,601.0
964,3.0,0.0,0.0,false,0.0
965,2.0,0.0,0.0,false,0.0
966,4.0,360.0,6.91,true,1082.0
967,1.0,0.0,0.0,false,0.0
968,1.0,0.0,0.0,false,0.0
969,18.0,0.0,0.0,false,0.0
970,1.0,90.0,3.34,true,608.0
971,9.0,0.0,0.0,false,0.0
972,1.0,0.0,0.0,false,0.0
973,1.0,90.0,3.34,true,609.0
974,5.0,0.0,0.0,false,0.0
975,8.0,0.0,0.0,false,0.0
976,1.0,0.0,0.0,false,0.0
977,3.0,270.0,5.72,true,967.0
978,1.0,0.0,0.0,false,0.0
979,10.0,900.0,14.05,true,1204.0
980,2.0,0.0,0.0,false,0.0
981,3.0,0.0,0.0,false,0.0
982,5.0,450.0,8.1,true,968.0
983,1.0,0.0,0.0,false,0.0
984,12.0,0.0,0.0,false,0.0
985,2.0,0.0,0.0,false,0.0
986,3.0,0.0,0.0,false,0.0
987,3.0,270.0,5.72,true,1084.0
988,2.0,180.0,4.529999999999999,true,1202.0
989,1.0,90.0,3.34,true,127.0
990,5.0,0.0,0.0,false,0.0
991,1.0,90.0,3.34,true,480.0
992,7.0,630.0,10.48,true,1081.0
993,1.0,90.0,3.34,true,120.0
994,7.0,630.0,10.48,true,727.0
995,2.0,0.0,0.0,false,0.0
996,11.0,990.0,15.239999999999998,true,481.0
997,12.0,0.0,0.0,false,0.0
998,5.0,0.0,0.0,false,0.0
999,3.0,0.0,0.0,false,0.0
1000,1.0,0.0,0.0,false,0.0
1001,2.0,0.0,0.0,false,0.0
1002,4.0,0.0,0.0,false,0.0
1003,4.0,0.0,0.0,false,0.0
1004,1.0,90.0,3.34,true,960.0
1005,3.0,270.0,5.72,true,1088.0
1006,4.0,360.0,6.91,true,848.0
1007,8.0,720.0,11.67,true,609.0
1008,6.0,540.0,9.29,true,609.0
1009,10.0,900.0,14.05,true,840.0
1010,2.0,180.0,4.529999999999999,true,364.0
1011,2.0,180.0,4.529999999999999,true,724.0
1012,3.0,270.0,5.72,true,842.0
1013,2.0,0.0,0.0,false,0.0
1014,2.0,180.0,4.529999999999999,true,1200.0
1015,2.0,180.0,4.529999999999999,true,846.0
1016,2.0,180.0,4.529999999999999,true,124.0
1017,6.0,540.0,9.29,true,246.0
1018,1.0,0.0,0.0,false,0.0
1019,2.0,0.0,0.0,false,0.0
1020,1.0,0.0,0.0,false,0.0
1021,3.0,0.0,0.0,false,0.0
1022,2.0,180.0,4.529999999999999,true,481.0
1023,1.0,90.0,3.34,true,361.0
1024,3.0,0.0,0.0,false,0.0
1025,1.0,0.0,0.0,false,0.0
1026,2.0,180.0,4.529999999999999,true,367.0
1027,2.0,180.0,4.529999999999999,true,246.0
1028,1.0,0.0,0.0,false,0.0
1029,1.0,0.0,0.0,false,0.0
1030,2.0,0.0,0.0,false,0.0
1031,2.0,180.0,4.529999999999999,true,608.0
1032,4.0,0.0,0.0,false,0.0
1033,2.0,0.0,0.0,false,0.0
1034,3.0,0.0,0.0,false,0.0
1035,3.0,270.0,5.72,true,246.0
1036,4.0,360.0,6.91,true,1206.0
1037,1.0,90.0,3.34,true,362.0
1038,2.0,180.0,4.529999999999999,true,848.0
1039,1.0,90.0,3.34,true,367.0
1040,1.0,90.0,3.34,true,1088.0
1041,10.0,900.0,14.05,true,1083.0
1042,7.0,630.0,10.48,true,247.0
1043,2.0,180.0,4.529999999999999,true,964.0
1044,4.0,0.0,0.0,false,0.0
1045,6.0,0.0,0.0,false,0.0
1046,4.0,360.0,6.91,true,1088.0
1047,3.0,270.0,5.72,true,249.0
1048,4.0,360.0,6.91,true,127.0
1049,5.0,450.0,8.1,true,368.0
1050,3.0,270.0,5.72,true,964.0
1051,1.0,0.0,0.0,false,0.0
1052,2.0,180.0,4.529999999999999,true,242.0
1053,3.0,270.0,5.72,true,725.0
1054,3.0,0.0,0.0,false,0.0
1055,2.0,0.0,0.0,false,0.0
1056,1.0,0.0,0.0,false,0.0
1057,4.0,0.0,0.0,false,0.0
1058,1.0,90.0,3.34,true,847.0
1059,2.0,180.0,4.529999999999999,true,845.0
1060,1.0,0.0,0.0,false,0.0
1061,4.0,0.0,0.0,false,0.0
1062,1.0,0.0,0.0,false,0.0
1063,1.0,0.0,0.0,false,0.0
1064,1.0,90.0,3.34,true,721.0
1065,6.0,0.0,0.0,false,0.0
1066,1.0,90.0,3.34,true,721.0
1067,4.0,360.0,6.91,true,125.0
1068,6.0,0.0,0.0,false,0.0
1069,1.0,0.0,0.0,false,0.0
1070,2.0,180.0,4.529999999999999,true,486.0
1071,5.0,0.0,0.0,false,0.0
1072,10.0,900.0000000000005,14.05,true,1084.0
1073,3.0,0.0,0.0,false,0.0
1074,13.0,0.0,0.0,false,0.0
1075,1.0,90.0,3.34,true,480.0
1076,3.0,270.0,5.72,true,842.0
1077,4.0,0.0,0.0,false,0.0
1078,1.0,90.0,3.34,true,963.0
1079,1.0,0.0,0.0,false,0.0
1080,3.0,0.0,0.0,false,0.0
1081,8.0,0.0,0.0,false,0.0
1082,1.0,90.0,3.34,true,961.0
1083,3.0,0.0,0.0,false,0.0
1084,3.0,270.0,5.72,true,1203.0
1085,9.0,810.0,12.86,true,484.0
1086,3.0,270.0,5.72,true,123.0
1087,3.0,270.0,5.72,true,608.0
1088,3.0,270.0,5.72,true,966.0
1089,2.0,180.0,4.529999999999999,true,1208.0
1090,2.0,180.0,4.529999999999999,true,725.0
1091,5.0,450.0,8.1,true,965.0
1092,4.0,360.0,6.91,true,963.0
1093,1.0,90.0,3.34,true,841.0
1094,2.0,180.0,4.529999999999999,true,249.0
1095,1.0,90.0,3.34,true,483.0
1096,3.0,270.0,5.72,true,485.0
1097,2.0,180.0,4.529999999999999,true,605.0
1098,4.0,360.0,6.91,true,128.0
1099,2.0,180.0,4.529999999999999,true,723.0
1100,2.0,0.0,0.0,false,0.0
1101,2.0,180.0,4.529999999999999,true,725.0
1102,11.0,0.0,0.0,false,0.0
1103,2.0,180.0,4.529999999999999,true,1084.0
1104,6.0,540.0,9.29,true,605.0
1105,7.0,0.0,0.0,false,0.0
1106,1.0,0.0,0.0,false,0.0
1107,3.0,0.0,0.0,false,0.0
1108,1.0,0.0,0.0,false,0.0
1109,6.0,0.0,0.0,false,0.0
1110,12.0,1080.0,16.43,true,362.0
1111,6.0,0.0,0.0,false,0.0
1112,12.0,1080.0,16.43,true,729.0
1113,1.0,0.0,0.0,false,0.0
1114,2.0,0.0,0.0,false,0.0
1115,1.0,0.0,0.0,false,0.0
1116,15.0,1350.0,20.0,true,124.0
1117,2.0,180.0,4.529999999999999,true,847.0
1118,3.0,0.0,0.0,false,0.0
1119,1.0,0.0,0.0,false,0.0
1120,2.0,0.0,0.0,false,0.0
1121,8.0,0.0,0.0,false,0.0
1122,5.0,0.0,0.0,false,0.0
1123,4.0,0.0,0.0,false,0.0
1124,1.0,90.0,3.34,true,847.0
1125,3.0,0.0,0.0,false,0.0
1126,3.0,0.0,0.0,false,0.0
1127,1.0,0.0,0.0,false,0.0
1128,2.0,180.0,4.529999999999999,true,608.0
1129,3.0,0.0,0.0,false,0.0
1130,1.0,0.0,0.0,false,0.0
1131,6.0,540.0,9.29,true,1081.0
1132,3.0,270.0,5.72,true,727.0
1133,1.0,90.0,3.34,true,243.0
1134,4.0,0.0,0.0,false,0.0
1135,5.0,450.0,8.1,true,125.0
1136,5.0,450.0,8.1,true,609.0
1137,2.0,180.0,4.529999999999999,true,847.0
1138,1.0,0.0,0.0,false,0.0
1139,5.0,0.0,0.0,false,0.0
1140,1.0,0.0,0.0,false,0.0
1141,2.0,0.0,0.0,false,0.0
1142,2.0,0.0,0.0,false,0.0
1143,6.0,0.0,0.0,false,0.0
1144,9.0,810.0,12.86,true,480.0
1145,2.0,0.0,0.0,false,0.0
1146,2.0,0.0,0.0,false,0.0
1147,1.0,0.0,0.0,false,0.0
1148,1.0,0.0,0.0,false,0.0
1149,3.0,0.0,0.0,false,0.0
1150,1.0,0.0,0.0,false,0.0
1151,4.0,0.0,0.0,false,0.0
1152,6.0,0.0,0.0,false,0.0
1153,1.0,0.0,0.0,false,0.0
1154,5.0,450.0,8.1,true,1083.0
1155,11.0,990.0,15.239999999999998,true,720.0
1156,2.0,180.0,4.529999999999999,true,488.0
1157,4.0,360.0,6.91,true,245.0
1158,1.0,90.0,3.34,true,1080.0
1159,4.0,360.0,6.91,true,1080.0
1160,1.0,0.0,0.0,false,0.0
1161,10.0,900.0,14.05,true,367.0
1162,1.0,0.0,0.0,false,0.0
1163,1.0,90.0,3.34,true,481.0
1164,5.0,450.0,8.1,true,604.0
1165,2.0,180.0,4.529999999999999,true,1206.0
1166,1.0,90.0,3.34,true,480.0
1167,10.0,0.0,0.0,false,0.0
1168,1.0,90.0,3.34,true,1085.0
1169,3.0,270.0,5.72,true,1207.0
1170,5.0,0.0,0.0,false,0.0
1171,1.0,90.0,3.34,true,962.0
1172,4.0,0.0,0.0,false,0.0
1173,2.0,0.0,0.0,false,0.0
1174,3.0,0.0,0.0,false,0.0
1175,5.0,0.0,0.0,false,0.0
1176,2.0,180.0,4.529999999999999,true,367.0
1177,2.0,0.0,0.0,false,0.0
1178,3.0,0.0,0.0,false,0.0
1179,1.0,90.0,3.34,true,1089.0
1180,1.0,90.0,3.34,true,849.0
1181,2.0,0.0,0.0,false,0.0
1182,5.0,0.0,0.0,false,0.0
1183,3.0,0.0,0.0,false,0.0
1184,3.0,270.0,5.72,true,726.0
1185,1.0,0.0,0.0,false,0.0
1186,1.0,90.0,3.34,true,603.0
1187,3.0,270.0,5.72,true,1082.0
1188,4.0,360.0,6.91,true,1089.0
1189,6.0,540.0,9.29,true,369.0
1190,6.0,0.0,0.0,false,0.0
1191,1.0,0.0,0.0,false,0.0
1192,1.0,0.0,0.0,false,0.0
1193,8.0,0.0,0.0,false,0.0
1194,2.0,0.0,0.0,false,0.0
1195,4.0,0.0,0.0,false,0.0
1196,3.0,0.0,0.0,false,0.0
1197,3.0,270.0,5.72,true,482.0
1198,5.0,450.0,8.1,true,125.0
1199,3.0,270.0,5.72,true,482.0
1200,1.0,90.0,3.34,true,248.0
1201,4.0,360.0,6.91,true,248.0
1202,2.0,0.0,0.0,false,0.0
1203,2.0,0.0,0.0,false,0.0
1204,2.0,0.0,0.0,false,0.0
1205,3.0,270.0,5.72,true,841.0
1206,1.0,0.0,0.0,false,0.0
1207,6.0,540.0,9.29,true,482.0
1208,2.0,0.0,0.0,false,0.0
1209,3.0,0.0,0.0,false,0.0
1210,1.0,0.0,0.0,false,0.0
1211,1.0,90.0,3.34,true,845.0
1212,2.0,0.0,0.0,false,0.0
1213,6.0,0.0,0.0,false,0.0
1214,12.0,1080.0,16.43,true,483.0
1215,11.0,0.0,0.0,false,0.0
1216,4.0,0.0,0.0,false,0.0
1217,3.0,0.0,0.0,false,0.0
1218,2.0,0.0,0.0,false,0.0
1219,4.0,360.0,6.91,true,966.0
1220,3.0,0.0,0.0,false,0.0
1221,1.0,0.0,0.0,false,0.0
1222,5.0,449.99999999999955,8.1,true,1208.0
1223,4.0,0.0,0.0,false,0.0
1224,4.0,360.0,6.91,true,120.0
1225,2.0,180.0,4.529999999999999,true,484.0
1226,1.0,90.0,3.34,true,1200.0
1227,5.0,450.0,8.1,true,122.0
1228,1.0,90.0,3.34,true,362.0
1229,1.0,90.0,3.34,true,367.0
1230,3.0,0.0,0.0,false,0.0
1231,2.0,0.0,0.0,false,0.0
1232,4.0,0.0,0.0,false,0.0
1233,6.0,0.0,0.0,false,0.0
1234,1.0,0.0,0.0,false,0.0
1235,1.0,0.0,0.0,false,0.0
1236,4.0,360.0,6.91,true,120.0
1237,5.0,450.0,8.1,true,485.0
1238,6.0,539.9999999999995,9.29,true,1081.0
1239,1.0,90.0,3.34,true,722.0
1240,3.0,270.0,5.72,true,1084.0
1241,3.0,0.0,0.0,false,0.0
1242,2.0,0.0,0.0,false,0.0
1243,2.0,0.0,0.0,false,0.0
1244,7.0,0.0,0.0,false,0.0
1245,1.0,0.0,0.0,false,0.0
1246,2.0,0.0,0.0,false,0.0
1247,3.0,0.0,0.0,false,0.0
1248,3.0,0.0,0.0,false,0.0
1249,2.0,0.0,0.0,false,0.0
1250,5.0,450.0,8.1,true,246.0
1251,3.0,270.0,5.72,true,485.0
1252,3.0,0.0,0.0,false,0.0
1253,7.0,0.0,0.0,false,0.0
1254,2.0,180.0,4.529999999999999,true,126.0
1255,23.0,0.0,0.0,false,0.0
1256,2.0,0.0,0.0,false,0.0
1257,6.0,0.0,0.0,false,0.0
1258,1.0,0.0,0.0,false,0.0
1259,3.0,0.0,0.0,false,0.0
1260,2.0,0.0,0.0,false,0.0
1261,5.0,450.0,8.1,true,241.0
1262,1.0,0.0,0.0,false,0.0
1263,2.0,180.0,4.529999999999999,true,362.0
1264,5.0,450.0,8.1,true,246.0
1265,8.0,0.0,0.0,false,0.0
1266,4.0,360.0,6.91,true,1209.0
1267,5.0,0.0,0.0,false,0.0
1268,1.0,0.0,0.0,false,0.0
1269,1.0,90.0,3.34,true,247.0
1270,1.0,0.0,0.0,false,0.0
1271,3.0,270.0,5.72,true,489.0
1272,1.0,0.0,0.0,false,0.0
1273,4.0,360.0,6.91,true,365.0
1274,1.0,0.0,0.0,false,0.0
1275,2.0,0.0,0.0,false,0.0
1276,4.0,0.0,0.0,false,0.0
1277,5.0,0.0,0.0,false,0.0
1278,3.0,0.0,0.0,false,0.0
1279,3.0,270.0,5.72,true,962.0
1280,1.0,0.0,0.0,false,0.0
1281,4.0,0.0,0.0,false,0.0
1282,4.0,360.0,6.91,true,360.0
1283,4.0,0.0,0.0,false,0.0
1284,3.0,0.0,0.0,false,0.0
1285,1.0,0.0,0.0,false,0.0
1286,2.0,0.0,0.0,false,0.0
1287,3.0,0.0,0.0,false,0.0
1288,3.0,270.0,5.72,true,849.0
1289,1.0,90.0,3.34,true,126.0
1290,1.0,90.0,3.34,true,605.0
1291,4.0,360.0,6.91,true,609.0
1292,1.0,90.0,3.34,true,1084.0
1293,2.0,180.0,4.529999999999999,true,121.0
1294,3.0,270.0,5.72,true,366.0
1295,1.0,0.0,0.0,false,0.0
1296,2.0,0.0,0.0,false,0.0
1297,3.0,0.0,0.0,false,0.0
1298,5.0,0.0,0.0,false,0.0
1299,1.0,90.0,3.34,true,120.0
1300,5.0,0.0,0.0,false,0.0
1301,4.0,360.0,6.91,true,728.0
1302,2.0,180.0,4.529999999999999,true,1206.0
1303,4.0,0.0,0.0,false,0.0
1304,2.0,180.0,4.529999999999999,true,604.0
1305,1.0,0.0,0.0,false,0.0
1306,5.0,0.0,0.0,false,0.0
1307,1.0,90.0,3.34,true,1087.0
1308,5.0,0.0,0.0,false,0.0
1309,2.0,180.0,4.529999999999999,true,248.0
1310,4.0,360.0,6.91,true,124.0
1311,5.0,450.0,8.1,true,121.0
1312,2.0,180.0,4.529999999999999,true,724.0
1313,10.0,900.0000000000005,14.05,true,965.0
1314,3.0,269.99999999999955,5.72,true,1209.0
1315,2.0,180.0,4.529999999999999,true,841.0
1316,7.0,630.0000000000005,10.48,true,1081.0
1317,5.0,450.0,8.1,true,842.0
1318,1.0,90.0,3.34,true,122.0
1319,1.0,0.0,0.0,false,0.0
1320,1.0,90.0,3.34,true,720.0
1321,1.0,0.0,0.0,false,0.0
1322,1.0,90.0,3.34,true,483.0
1323,1.0,0.0,0.0,false,0.0
1324,1.0,90.0,3.34,true,369.0
1325,5.0,0.0,0.0,false,0.0
1326,7.0,0.0,0.0,false,0.0
1327,4.0,0.0,0.0,false,0.0
1328,5.0,0.0,0.0,false,0.0
1329,1.0,0.0,0.0,false,0.0
1330,2.0,0.0,0.0,false,0.0
1331,1.0,90.0,3.34,true,606.0
1332,3.0,270.0,5.72,true,967.0
1333,4.0,0.0,0.0,false,0.0
1334,4.0,360.0,6.91,true,363.0
1335,4.0,0.0,0.0,false,0.0
1336,10.0,0.0,0.0,false,0.0
1337,1.0,90.0,3.34,true,1083.0
1338,1.0,90.0,3.34,true,840.0
1339,2.0,0.0,0.0,false,0.0
1340,2.0,180.0,4.529999999999999,true,489.0
1341,2.0,180.0,4.529999999999999,true,128.0
1342,2.0,180.0,4.529999999999999,true,845.0
1343,1.0,0.0,0.0,false,0.0
1344,1.0,0.0,0.0,false,0.0
1345,5.0,0.0,0.0,false,0.0
1346,11.0,0.0,0.0,false,0.0
1347,2.0,0.0,0.0,false,0.0
1348,2.0,0.0,0.0,false,0.0
1349,10.0,0.0,0.0,false,0.0
1350,7.0,0.0,0.0,false,0.0
1351,1.0,0.0,0.0,false,0.0
1352,4.0,0.0,0.0,false,0.0
1353,5.0,0.0,0.0,false,0.0
1354,3.0,0.0,0.0,false,0.0
1355,5.0,450.0,8.1,true,249.0
1356,3.0,0.0,0.0,false,0.0
1357,2.0,0.0,0.0,false,0.0
1358,6.0,0.0,0.0,false,0.0
1359,3.0,0.0,0.0,false,0.0
1360,5.0,0.0,0.0,false,0.0
1361,2.0,0.0,0.0,false,0.0
1362,4.0,360.0,6.91,true,964.0
1363,3.0,0.0,0.0,false,0.0
1364,13.0,1170.0,17.619999999999997,true,721.0
1365,2.0,180.0,4.529999999999999,true,125.0
1366,1.0,0.0,0.0,false,0.0
1367,3.0,270.0,5.72,true,247.0
1368,1.0,0.0,0.0,false,0.0
1369,3.0,0.0,0.0,false,0.0
1370,2.0,0.0,0.0,false,0.0
1371,1.0,0.0,0.0,false,0.0
1372,2.0,180.0,4.529999999999999,true,605.0
1373,1.0,0.0,0.0,false,0.0
1374,4.0,0.0,0.0,false,0.0
1375,1.0,90.0,3.34,true,122.0
1376,2.0,180.0,4.529999999999999,true,365.0
1377,2.0,180.0,4.529999999999999,true,365.0
1378,1.0,0.0,0.0,false,0.0
1379,3.0,0.0,0.0,false,0.0
1380,2.0,0.0,0.0,false,0.0
1381,2.0,0.0,0.0,false,0.0
1382,2.0,0.0,0.0,false,0.0
1383,4.0,359.99999999999955,6.91,true,1086.0
1384,3.0,0.0,0.0,false,0.0
1385,3.0,0.0,0.0,false,0.0
1386,1.0,0.0,0.0,false,0.0
1387,8.0,720.0,11.67,true,720.0
1388,2.0,0.0,0.0,false,0.0
1389,4.0,360.0,6.91,true,727.0
1390,9.0,0.0,0.0,false,0.0
1391,2.0,0.0,0.0,false,0.0
1392,2.0,0.0,0.0,false,0.0
1393,5.0,0.0,0.0,false,0.0
1394,1.0,0.0,0.0,false,0.0
1395,3.0,0.0,0.0,false,0.0
1396,2.0,180.0,4.529999999999999,true,127.0
1397,1.0,90.0,3.34,true,489.0
1398,2.0,0.0,0.0,false,0.0
1399,1.0,0.0,0.0,false,0.0
1400,6.0,539.9999999999995,9.29,true,723.0
1401,1.0,0.0,0.0,false,0.0
1402,3.0,0.0,0.0,false,0.0
1403,1.0,0.0,0.0,false,0.0
1404,1.0,0.0,0.0,false,0.0
1405,2.0,0.0,0.0,false,0.0
1406,5.0,450.0,8.1,true,245.0
1407,1.0,0.0,0.0,false,0.0
1408,3.0,270.0,5.72,true,488.0
1409,1.0,0.0,0.0,false,0.0
1410,3.0,269.99999999999955,5.72,true,965.0
1411,2.0,0.0,0.0,false,0.0
1412,1.0,0.0,0.0,false,0.0
1413,1.0,90.0,3.34,true,245.0
1414,11.0,0.0,0.0,false,0.0
1415,1.0,90.0,3.34,true,1082.0
1416,4.0,0.0,0.0,false,0.0
1417,1.0,0.0,0.0,false,0.0
1418,1.0,90.0,3.34,true,603.0
1419,6.0,0.0,0.0,false,0.0
1420,2.0,0.0,0.0,false,0.0
1421,1.0,0.0,0.0,false,0.0
1422,1.0,0.0,0.0,false,0.0
1423,1.0,90.0,3.34,true,367.0
1424,1.0,0.0,0.0,false,0.0
1425,3.0,0.0,0.0,false,0.0
1426,1.0,0.0,0.0,false,0.0
1427,3.0,270.0,5.72,true,482.0
1428,2.0,0.0,0.0,false,0.0
1429,3.0,0.0,0.0,false,0.0
1430,1.0,0.0,0.0,false,0.0
1431,1.0,0.0,0.0,false,0.0
1432,6.0,540.0,9.29,true,721.0
1433,1.0,0.0,0.0,false,0.0
1434,2.0,0.0,0.0,false,0.0
1435,3.0,0.0,0.0,false,0.0
1436,9.0,810.0000000000005,12.86,true,1089.0
1437,3.0,0.0,0.0,false,0.0
1438,4.0,0.0,0.0,false,0.0
1439,4.0,360.0,6.91,true,247.0
1440,2.0,180.0,4.529999999999999,true,489.0
1441,2.0,0.0,0.0,false,0.0
1442,1.0,0.0,0.0,false,0.0
1443,1.0,90.0,3.34,true,963.0
1444,7.0,0.0,0.0,false,0.0
1445,3.0,0.0,0.0,false,0.0
1446,6.0,0.0,0.0,false,0.0
1447,1.0,0.0,0.0,false,0.0
1448,4.0,0.0,0.0,false,0.0
1449,4.0,0.0,0.0,false,0.0
1450,2.0,180.0,4.529999999999999,true,487.0
1451,1.0,90.0,3.34,true,1087.0
1452,2.0,180.0,4.529999999999999,true,248.0
1453,2.0,180.0,4.529999999999999,true,126.0
1454,6.0,540.0,9.29,true,489.0
1455,3.0,270.00000000000045,5.72,true,964.0
1456,4.0,360.0,6.91,true,127.0
1457,2.0,180.0,4.529999999999999,true,1204.0
1458,2.0,0.0,0.0,false,0.0
1459,3.0,270.0,5.72,true,1200.0
1460,5.0,450.0,8.1,true,847.0
1461,1.0,90.0,3.34,true,243.0
1462,1.0,90.0,3.34,true,723.0
1463,3.0,270.0,5.72,true,123.0
1464,1.0,0.0,0.0,false,0.0
1465,5.0,0.0,0.0,false,0.0
1466,5.0,450.0,8.1,true,243.0
1467,2.0,0.0,0.0,false,0.0
1468,1.0,0.0,0.0,false,0.0
1469,1.0,90.0,3.34,true,361.0
1470,4.0,360.0,6.91,true,1208.0
1471,5.0,449.99999999999955,8.1,true,720.0
1472,1.0,90.0,3.34,true,127.0
1473,2.0,0.0,0.0,false,0.0
1474,1.0,0.0,0.0,false,0.0
1475,3.0,0.0,0.0,false,0.0
1476,3.0,0.0,0.0,false,0.0
1477,4.0,360.0,6.91,true,967.0
1478,8.0,719.9999999999995,11.67,true,729.0
1479,1.0,0.0,0.0,false,0.0
1480,3.0,0.0,0.0,false,0.0
1481,1.0,0.0,0.0,false,0.0
1482,3.0,270.0,5.72,true,127.0
1483,3.0,0.0,0.0,false,0.0
1484,5.0,450.0,8.1,true,1208.0
1485,2.0,180.0,4.529999999999999,true,360.0
1486,2.0,180.0,4.529999999999999,true,723.0
1487,1.0,0.0,0.0,false,0.0
1488,3.0,0.0,0.0,false,0.0
1489,3.0,0.0,0.0,false,0.0
1490,2.0,180.0,4.529999999999999,true,722.0
1491,5.0,0.0,0.0,false,0.0
1492,1.0,90.0,3.34,true,244.0
1493,2.0,0.0,0.0,false,0.0
1494,2.0,0.0,0.0,false,0.0
1495,2.0,0.0,0.0,false,0.0
1496,7.0,0.0,0.0,false,0.0
1497,6.0,0.0,0.0,false,0.0
1498,4.0,0.0,0.0,false,0.0
1499,2.0,0.0,0.0,false,0.0
1500,3.0,0.0,0.0,false,0.0
1501,7.0,0.0,0.0,false,0.0
1502,1.0,0.0,0.0,false,0.0
1503,1.0,0.0,0.0,false,0.0
1504,1.0,0.0,0.0,false,0.0
1505,2.0,0.0,0.0,false,0.0
1506,4.0,0.0,0.0,false,0.0
1507,1.0,0.0,0.0,false,0.0
1508,4.0,360.0,6.91,true,126.0
1509,1.0,0.0,0.0,false,0.0
1510,1.0,0.0,0.0,false,0.0
1511,2.0,0.0,0.0,false,0.0
1512,2.0,0.0,0.0,false,0.0
1513,4.0,0.0,0.0,false,0.0
1514,6.0,540.0,9.29,true,961.0
1515,3.0,270.0,5.72,true,1201.0
1516,3.0,270.0,5.72,true,1081.0
1517,3.0,270.00000000000045,5.72,true,841.0
1518,3.0,270.0,5.72,true,1086.0
1519,6.0,539.9999999999995,9.29,true,845.0
1520,2.0,180.0,4.529999999999999,true,1200.0
1521,3.0,270.0,5.72,true,1089.0
1522,1.0,90.0,3.34,true,847.0
1523,3.0,270.0,5.72,true,129.0
1524,4.0,360.0,6.91,true,249.0
1525,2.0,180.0,4.529999999999999,true,1087.0
1526,1.0,0.0,0.0,false,0.0
1527,2.0,0.0,0.0,false,0.0
1528,2.0,180.00000000000045,4.529999999999999,true,844.0
1529,4.0,360.0,6.91,true,487.0
1530,6.0,0.0,0.0,false,0.0
1531,3.0,0.0,0.0,false,0.0
1532,1.0,0.0,0.0,false,0.0
1533,2.0,0.0,0.0,false,0.0
1534,1.0,0.0,0.0,false,0.0
1535,4.0,360.0,6.91,true,601.0
1536,4.0,360.0,6.91,true,483.0
1537,1.0,90.0,3.34,true,487.0
1538,1.0,0.0,0.0,false,0.0
1539,1.0,0.0,0.0,false,0.0
1540,2.0,180.0,4.529999999999999,true,122.0
1541,6.0,540.0,9.29,true,1207.0
1542,2.0,0.0,0.0,false,0.0
1543,1.0,90.0,3.34,true,964.0
1544,2.0,180.0,4.529999999999999,true,1087.0
1545,2.0,180.00000000000045,4.529999999999999,true,846.0
1546,1.0,0.0,0.0,false,0.0
1547,3.0,0.0,0.0,false,0.0
1548,4.0,0.0,0.0,false,0.0
1549,5.0,450.0,8.1,true,128.0
1550,2.0,180.0,4.529999999999999,true,244.0
1551,1.0,90.0,3.34,true,1089.0
1552,1.0,0.0,0.0,false,0.0
1553,2.0,180.0,4.529999999999999,true,487.0
1554,4.0,360.0,6.91,true,1085.0
1555,3.0,270.0,5.72,true,842.0
1556,3.0,270.0,5.72,true,1206.0
1557,4.0,360.0,6.91,true,249.0
1558,3.0,0.0,0.0,false,0.0
1559,1.0,0.0,0.0,false,0.0
1560,1.0,0.0,0.0,false,0.0
1561,6.0,540.0,9.29,true,488.0
1562,1.0,90.0,3.34,true,841.0
1563,3.0,270.0,5.72,true,248.0
1564,4.0,0.0,0.0,false,0.0
1565,4.0,0.0,0.0,false,0.0
1566,4.0,0.0,0.0,false,0.0
1567,1.0,90.0,3.34,true,1083.0
1568,1.0,90.0,3.34,true,362.0
1569,7.0,630.0,10.48,true,608.0
1570,1.0,0.0,0.0,false,0.0
1571,5.0,0.0,0.0,false,0.0
1572,1.0,90.0,3.34,true,484.0
1573,5.0,450.0,8.1,true,483.0
1574,1.0,0.0,0.0,false,0.0
1575,2.0,0.0,0.0,false,0.0
1576,1.0,90.0,3.34,true,243.0
1577,5.0,450.0,8.1,true,483.0
1578,5.0,449.99999999999955,8.1,true,481.0
1579,2.0,0.0,0.0,false,0.0
1580,1.0,89.99999999999955,3.34,true,841.0
1581,3.0,270.0,5.72,true,487.0
1582,1.0,0.0,0.0,false,0.0
1583,4.0,0.0,0.0,false,0.0
1584,2.0,180.0,4.529999999999999,true,1207.0
1585,13.0,0.0,0.0,false,0.0
1586,1.0,90.0,3.34,true,481.0
1587,1.0,90.0,3.34,true,367.0
1588,1.0,90.0,3.34,true,245.0
1589,3.0,270.0,5.72,true,486.0
1590,2.0,180.0,4.529999999999999,true,607.0
1591,6.0,0.0,0.0,false,0.0
1592,2.0,180.0,4.529999999999999,true,480.0
1593,1.0,90.0,3.34,true,601.0
1594,1.0,0.0,0.0,false,0.0
1595,10.0,0.0,0.0,false,0.0
1596,1.0,0.0,0.0,false,0.0
1597,1.0,0.0,0.0,false,0.0
1598,1.0,0.0,0.0,false,0.0
1599,2.0,0.0,0.0,false,0.0
1600,1.0,0.0,0.0,false,0.0
1601,2.0,180.0,4.529999999999999,true,481.0
1602,3.0,0.0,0.0,false,0.0
1603,4.0,360.0,6.91,true,1087.0
1604,7.0,-4498.299999999905,10.48,true,1204.0
1605,1.0,0.0,0.0,false,0.0
1606,2.0,180.0,4.529999999999999,true,962.0
1607,1.0,0.0,0.0,false,0.0
1608,4.0,0.0,0.0,false,0.0
1609,3.0,0.0,0.0,false,0.0
1610,3.0,270.0,5.72,true,368.0
1611,5.0,450.0,8.1,true,1087.0
1612,5.0,450.0,8.1,true,127.0
1613,5.0,450.0,8.1,true,605.0
1614,1.0,90.0,3.34,true,1081.0
1615,2.0,179.99999999999955,4.529999999999999,true,604.0
1616,12.0,1080.0,16.43,true,366.0
1617,14.0,-4052.1999999999034,18.81,true,729.0
1618,1.0,90.0,3.34,true,603.0
1619,1.0,90.0,3.34,true,843.0
1620,2.0,180.0,4.529999999999999,true,127.0
1621,4.0,360.0,6.91,true,844.0
1622,1.0,0.0,0.0,false,0.0
1623,2.0,180.0,4.529999999999999,true,482.0
1624,3.0,270.0,5.72,true,247.0
1625,6.0,539.9999999999995,9.29,true,243.0
1626,2.0,180.0,4.529999999999999,true,720.0
1627,1.0,90.0,3.34,true,122.0
1628,4.0,359.99999999999955,6.91,true,487.0
1629,6.0,540.0,9.29,true,848.0
1630,6.0,540.0,9.29,true,963.0
1631,1.0,90.0,3.34,true,723.0
1632,7.0,630.0,10.48,true,843.0
1633,5.0,-4583.799999999903,8.1,true,1207.0
1634,2.0,180.0,4.529999999999999,true,363.0
1635,3.0,270.00000000000045,5.72,true,480.0
1636,2.0,180.0,4.529999999999999,true,843.0
1637,2.0,180.0,4.529999999999999,true,123.0
1638,4.0,360.0,6.91,true,844.0
1639,2.0,180.0,4.529999999999999,true,127.0
1640,1.0,90.0,3.34,true,363.0
1641,9.0,810.0000000000005,12.86,true,242.0
1642,1.0,90.0,3.34,true,1084.0
1643,1.0,90.0,3.34,true,724.0
1644,2.0,179.99999999999955,4.529999999999999,true,606.0
1645,1.0,90.0,3.34,true,369.0
1646,1.0,0.0,0.0,false,0.0
1647,4.0,360.0,6.91,true,1085.0
1648,1.0,90.0,3.34,true,966.0
1649,7.0,630.0,10.48,true,725.0
1650,10.0,0.0,0.0,false,0.0
1651,1.0,90.0,3.34,true,244.0
1652,4.0,360.0,6.91,true,962.0
1653,1.0,0.0,0.0,false,0.0
1654,2.0,0.0,0.0,false,0.0
1655,1.0,0.0,0.0,false,0.0
1656,6.0,540.0000000000005,9.29,true,363.0
1657,1.0,90.0,3.34,true,1085.0
1658,4.0,360.0,6.91,true,966.0
1659,1.0,0.0,0.0,false,0.0
1660,5.0,450.0,8.1,true,125.0
1661,2.0,180.0,4.529999999999999,true,241.0
1662,5.0,450.0,8.1,true,123.0
1663,1.0,0.0,0.0,false,0.0
1664,1.0,90.0,3.34,true,240.0
1665,1.0,0.0,0.0,false,0.0
1666,2.0,0.0,0.0,false,0.0
1667,1.0,90.0,3.34,true,1089.0
1668,3.0,270.0,5.72,true,125.0
1669,3.0,0.0,0.0,false,0.0
1670,7.0,630.0000000000005,10.48,true,125.0
1671,2.0,0.0,0.0,false,0.0
1672,2.0,0.0,0.0,false,0.0
1673,2.0,0.0,0.0,false,0.0
1674,3.0,0.0,0.0,false,0.0
1675,3.0,270.00000000000045,5.72,true,367.0
1676,5.0,0.0,0.0,false,0.0
1677,2.0,180.00000000000045,4.529999999999999,true,602.0
1678,1.0,0.0,0.0,false,0.0
1679,1.0,0.0,0.0,false,0.0
1680,1.0,0.0,0.0,false,0.0
1681,1.0,0.0,0.0,false,0.0
1682,3.0,0.0,0.0,false,0.0
1683,3.0,270.0,5.72,true,1086.0
1684,1.0,90.0,3.34,true,962.0
1685,6.0,0.0,0.0,false,0.0
1686,2.0,180.0,4.529999999999999,true,609.0
1687,1.0,0.0,0.0,false,0.0
1688,4.0,0.0,0.0,false,0.0
1689,2.0,180.0,4.529999999999999,true,129.0
1690,6.0,540.0,9.29,true,841.0
1691,1.0,90.0,3.34,true,844.0
1692,3.0,270.0,5.72,true,249.0
1693,3.0,0.0,0.0,false,0.0
1694,6.0,-4621.799999999896,9.29,true,1087.0
1695,2.0,0.0,0.0,false,0.0
1696,3.0,0.0,0.0,false,0.0
1697,1.0,0.0,0.0,false,0.0
1698,2.0,180.0,4.529999999999999,true,1085.0
1699,1.0,90.0,3.34,true,361.0
1700,1.0,90.0,3.34,true,245.0
1701,11.0,0.0,0.0,false,0.0
1702,1.0,90.0,3.34,true,364.0
1703,2.0,180.0,4.529999999999999,true,969.0
1704,2.0,180.0,4.529999999999999,true,964.0
1705,10.0,900.0,14.05,true,367.0
1706,3.0,270.0,5.72,true,848.0
1707,4.0,360.0,6.91,true,480.0
1708,5.0,450.0,8.1,true,723.0
1709,1.0,90.0,3.34,true,489.0
1710,2.0,180.0,4.529999999999999,true,1207.0
1711,6.0,0.0,0.0,false,0.0
1712,3.0,270.0,5.72,true,604.0
1713,2.0,180.0,4.529999999999999,true,248.0
1714,2.0,180.0,4.529999999999999,true,485.0
1715,1.0,90.0,3.34,true,603.0
1716,1.0,90.0,3.34,true,845.0
1717,2.0,0.0,0.0,false,0.0
1718,2.0,0.0,0.0,false,0.0
1719,1.0,0.0,0.0,false,0.0
1720,1.0,0.0,0.0,false,0.0
1721,5.0,0.0,0.0,false,0.0
1722,1.0,0.0,0.0,false,0.0
1723,1.0,0.0,0.0,false,0.0
1724,2.0,0.0,0.0,false,0.0
1725,1.0,90.0,3.34,true,361.0
1726,5.0,-4706.999999999892,8.1,true,1088.0
1727,2.0,180.0,4.529999999999999,true,123.0
1728,8.0,-4351.699999999892,11.67,true,725.0
1729,3.0,0.0,0.0,false,0.0
1730,2.0,0.0,0.0,false,0.0
1731,3.0,0.0,0.0,false,0.0
1732,2.0,0.0,0.0,false,0.0
1733,2.0,180.0,4.529999999999999,true,124.0
1734,4.0,360.0,6.91,true,481.0
1735,1.0,90.0,3.34,true,603.0
1736,7.0,630.0,10.48,true,480.0
1737,3.0,0.0,0.0,false,0.0
1738,3.0,0.0,0.0,false,0.0
1739,1.0,0.0,0.0,false,0.0
1740,11.0,0.0,0.0,false,0.0
1741,1.0,0.0,0.0,false,0.0
1742,4.0,-4868.3999999998905,6.91,true,1209.0
1743,1.0,0.0,0.0,false,0.0
1744,4.0,0.0,0.0,false,0.0
1745,1.0,90.0,3.34,true,487.0
1746,2.0,180.00000000000045,4.529999999999999,true,247.0
1747,8.0,0.0,0.0,false,0.0
1748,2.0,0.0,0.0,false,0.0
1749,2.0,0.0,0.0,false,0.0
1750,2.0,0.0,0.0,false,0.0
1751,1.0,0.0,0.0,false,0.0
1752,2.0,180.0,4.529999999999999,true,124.0
1753,1.0,90.0,3.34,true,240.0
1754,13.0,0.0,0.0,false,0.0
1755,2.0,0.0,0.0,false,0.0
1756,2.0,0.0,0.0,false,0.0
1757,2.0,0.0,0.0,false,0.0
1758,3.0,0.0,0.0,false,0.0
1759,6.0,540.0,9.29,true,480.0
1760,3.0,0.0,0.0,false,0.0
1761,5.0,0.0,0.0,false,0.0
1762,1.0,0.0,0.0,false,0.0
1763,3.0,270.0,5.72,true,606.0
1764,4.0,-4792.5999999998885,6.91,true,1087.0
1765,1.0,90.0,3.34,true,365.0
1766,3.0,270.0,5.72,true,485.0
1767,2.0,180.0,4.529999999999999,true,361.0
1768,2.0,-4915.299999999888,4.529999999999999,true,1200.0
1769,2.0,180.0,4.529999999999999,true,724.0
1770,6.0,540.0,9.29,true,488.0
1771,5.0,0.0,0.0,false,0.0
1772,3.0,0.0,0.0,false,0.0
1773,2.0,0.0,0.0,false,0.0
1774,1.0,0.0,0.0,false,0.0
1775,2.0,0.0,0.0,false,0.0
1776,1.0,0.0,0.0,false,0.0
1777,5.0,0.0,0.0,false,0.0
1778,1.0,90.0,3.34,true,125.0
1779,2.0,180.0,4.529999999999999,true,121.0
1780,1.0,0.0,0.0,false,0.0
1781,4.0,0.0,0.0,false,0.0
1782,1.0,0.0,0.0,false,0.0
1783,6.0,0.0,0.0,false,0.0
1784,1.0,-4943.099999999886,3.34,true,1204.0
1785,1.0,0.0,0.0,false,0.0
1786,15.0,0.0,0.0,false,0.0
1787,1.0,0.0,0.0,false,0.0
1788,2.0,0.0,0.0,false,0.0
1789,1.0,0.0,0.0,false,0.0
1790,2.0,0.0,0.0,false,0.0
1791,4.0,360.0,6.91,true,842.0
1792,8.0,-4963.099999999886,11.67,true,1202.0
1793,8.0,0.0,0.0,false,0.0
1794,1.0,-4974.299999999886,3.34,true,1209.0
1795,3.0,0.0,0.0,false,0.0
1796,2.0,0.0,0.0,false,0.0
1797,1.0,0.0,0.0,false,0.0
1798,4.0,0.0,0.0,false,0.0
1799,3.0,-4854.399999999885,5.72,true,1083.0
1800,2.0,0.0,0.0,false,0.0
1801,2.0,0.0,0.0,false,0.0
1802,5.0,0.0,0.0,false,0.0
1803,3.0,0.0,0.0,false,0.0
1804,4.0,0.0,0.0,false,0.0
1805,2.0,0.0,0.0,false,0.0
1806,1.0,0.0,0.0,false,0.0
1807,3.0,269.99999999999955,5.72,true,240.0
1808,3.0,269.99999999999955,5.72,true,129.0
1809,5.0,450.0,8.1,true,241.0
1810,1.0,90.0,3.34,true,723.0
1811,7.0,630.0,10.48,true,121.0
1812,1.0,90.0,3.34,true,961.0
1813,2.0,180.0,4.529999999999999,true,485.0
1814,2.0,0.0,0.0,false,0.0
1815,3.0,-4771.299999999885,5.72,true,965.0
1816,6.0,-4894.099999999884,9.29,true,1080.0
1817,16.0,0.0,0.0,false,0.0
1818,4.0,0.0,0.0,false,0.0
1819,11.0,0.0,0.0,false,0.0
1820,9.0,0.0,0.0,false,0.0
1821,1.0,90.0,3.34,true,126.0
1822,1.0,90.0,3.34,true,729.0
1823,3.0,0.0,0.0,false,0.0
1824,2.0,0.0,0.0,false,0.0
1825,1.0,0.0,0.0,false,0.0
1826,2.0,180.0,4.529999999999999,true,485.0
1827,3.0,270.0,5.72,true,368.0
1828,1.0,90.0,3.34,true,600.0
1829,7.0,0.0,0.0,false,0.0
1830,4.0,360.0,6.91,true,605.0
1831,5.0,0.0,0.0,false,0.0
1832,2.0,0.0,0.0,false,0.0
1833,14.0,0.0,0.0,false,0.0
1834,3.0,0.0,0.0,false,0.0
1835,1.0,0.0,0.0,false,0.0
1836,1.0,0.0,0.0,false,0.0
1837,1.0,0.0,0.0,false,0.0
1838,6.0,540.0,9.29,true,604.0
1839,1.0,0.0,0.0,false,0.0
1840,1.0,0.0,0.0,false,0.0
1841,3.0,0.0,0.0,false,0.0
1842,2.0,0.0,0.0,false,0.0
1843,6.0,0.0,0.0,false,0.0
1844,7.0,0.0,0.0,false,0.0
1845,2.0,0.0,0.0,false,0.0
1846,3.0,270.00000000000045,5.72,true,126.0
1847,2.0,0.0,0.0,false,0.0
1848,1.0,0.0,0.0,false,0.0
1849,3.0,0.0,0.0,false,0.0
1850,1.0,90.0,3.34,true,128.0
1851,2.0,0.0,0.0,false,0.0
1852,2.0,180.0,4.529999999999999,true,725.0
1853,7.0,0.0,0.0,false,0.0
1854,2.0,0.0,0.0,false,0.0
1855,1.0,0.0,0.0,false,0.0
1856,11.0,989.9999999999995,15.239999999999998,true,122.0
1857,1.0,90.0,3.34,true,369.0
1858,2.0,180.0,4.529999999999999,true,367.0
1859,1.0,0.0,0.0,false,0.0
1860,1.0,0.0,0.0,false,0.0
1861,2.0,-4858.09999999988,4.529999999999999,true,968.0
1862,1.0,90.0,3.34,true,600.0
1863,5.0,-4745.49999999988,8.1,true,847.0
1864,14.0,-4861.29999999988,18.81,true,961.0
1865,7.0,-4509.29999999988,10.48,true,605.0
1866,3.0,0.0,0.0,false,0.0
1867,1.0,0.0,0.0,false,0.0
1868,5.0,-4759.199999999881,8.1,true,848.0
1869,3.0,0.0,0.0,false,0.0
1870,3.0,0.0,0.0,false,0.0
1871,3.0,270.0,5.72,true,483.0
1872,1.0,0.0,0.0,false,0.0
1873,1.0,90.0,3.34,true,840.0
1874,2.0,180.0,4.529999999999999,true,122.0
1875,1.0,-5137.39999999988,3.34,true,1204.0
1876,2.0,0.0,0.0,false,0.0
1877,3.0,270.0,5.72,true,369.0
1878,9.0,0.0,0.0,false,0.0
1879,2.0,0.0,0.0,false,0.0
1880,2.0,180.0,4.529999999999999,true,245.0
1881,1.0,0.0,0.0,false,0.0
1882,1.0,0.0,0.0,false,0.0
1883,1.0,90.0,3.34,true,960.0
1884,1.0,-5159.899999999879,3.34,true,1207.0
1885,1.0,90.0,3.34,true,603.0
1886,2.0,180.0,4.529999999999999,true,488.0
1887,1.0,90.0,3.34,true,729.0
1888,8.0,-4924.499999999878,11.67,true,964.0
1889,9.0,-4690.299999999877,12.86,true,729.0
1890,1.0,0.0,0.0,false,0.0
1891,1.0,0.0,0.0,false,0.0
1892,1.0,0.0,0.0,false,0.0
1893,3.0,270.0,5.72,true,722.0
1894,2.0,0.0,0.0,false,0.0
1895,1.0,-5187.299999999877,3.34,true,1205.0
1896,1.0,-4949.999999999877,3.34,true,964.0
1897,4.0,360.0,6.91,true,480.0
1898,6.0,0.0,0.0,false,0.0
1899,3.0,270.0,5.72,true,600.0
1900,5.0,0.0,0.0,false,0.0
1901,8.0,-4609.199999999876,11.67,true,604.0
1902,1.0,90.0,3.34,true,369.0
1903,3.0,-4973.699999999876,5.72,true,966.0
1904,7.0,-4611.799999999876,10.48,true,602.0
1905,3.0,0.0,0.0,false,0.0
1906,5.0,0.0,0.0,false,0.0
1907,1.0,0.0,0.0,false,0.0
1908,3.0,-4865.999999999876,5.72,true,849.0
1909,5.0,450.0,8.1,true,366.0
1910,4.0,360.0,6.91,true,601.0
1911,4.0,-5233.199999999875,6.91,true,1209.0
1912,1.0,90.0,3.34,true,363.0
1913,7.0,-5236.599999999875,10.48,true,1209.0
1914,3.0,-4995.299999999876,5.72,true,966.0
1915,3.0,0.0,0.0,false,0.0
1916,3.0,0.0,0.0,false,0.0
1917,4.0,-4756.599999999875,6.91,true,722.0
1918,1.0,0.0,0.0,false,0.0
1919,3.0,270.0,5.72,true,483.0
1920,1.0,90.0,3.34,true,247.0
1921,2.0,180.0,4.529999999999999,true,123.0
1922,1.0,-5013.799999999874,3.34,true,968.0
1923,3.0,0.0,0.0,false,0.0
1924,3.0,0.0,0.0,false,0.0
1925,6.0,0.0,0.0,false,0.0
1926,3.0,0.0,0.0,false,0.0
1927,3.0,-5140.199999999873,5.72,true,1084.0
1928,4.0,360.0,6.91,true,249.0
1929,3.0,0.0,0.0,false,0.0
1930,3.0,-5151.499999999874,5.72,true,1089.0
1931,8.0,0.0,0.0,false,0.0
1932,2.0,180.0,4.529999999999999,true,363.0
1933,3.0,270.0,5.72,true,120.0
1934,6.0,-5042.499999999873,9.29,true,967.0
1935,4.0,0.0,0.0,false,0.0
1936,1.0,-5286.299999999873,3.34,true,1208.0
1937,2.0,0.0,0.0,false,0.0
1938,5.0,450.0,8.1,true,127.0
1939,8.0,-4694.799999999872,11.67,true,609.0
1940,2.0,180.0,4.529999999999999,true,608.0
1941,5.0,0.0,0.0,false,0.0
1942,8.0,0.0,0.0,false,0.0
1943,1.0,90.0,3.34,true,361.0
1944,3.0,-5306.799999999874,5.72,true,1207.0
1945,5.0,450.0,8.1,true,248.0
1946,1.0,0.0,0.0,false,0.0
1947,2.0,180.0,4.529999999999999,true,368.0
1948,5.0,-5314.599999999875,8.1,true,1206.0
1949,7.0,0.0,0.0,false,0.0
1950,3.0,0.0,0.0,false,0.0
1951,2.0,0.0,0.0,false,0.0
1952,3.0,0.0,0.0,false,0.0
1953,1.0,0.0,0.0,false,0.0
1954,1.0,0.0,0.0,false,0.0
1955,4.0,0.0,0.0,false,0.0
1956,1.0,0.0,0.0,false,0.0
1957,4.0,0.0,0.0,false,0.0
1958,4.0,0.0,0.0,false,0.0
1959,5.0,0.0,0.0,false,0.0
1960,8.0,0.0,0.0,false,0.0
1961,7.0,0.0,0.0,false,0.0
1962,1.0,-5328.59999999988,3.34,true,1205.0
1963,1.0,0.0,0.0,false,0.0
1964,3.0,0.0,0.0,false,0.0
1965,1.0,0.0,0.0,false,0.0
1966,2.0,-4850.099999999882,4.529999999999999,true,725.0
1967,3.0,0.0,0.0,false,0.0
1968,1.0,0.0,0.0,false,0.0
1969,1.0,90.0,3.34,true,242.0
1970,1.0,0.0,0.0,false,0.0
1971,2.0,-4852.999999999884,4.529999999999999,true,720.0
1972,3.0,-4855.299999999884,5.72,true,722.0
1973,1.0,0.0,0.0,false,0.0
1974,2.0,-4978.899999999885,4.529999999999999,true,842.0
1975,3.0,0.0,0.0,false,0.0
1976,2.0,0.0,0.0,false,0.0
1977,1.0,90.0,3.34,true,247.0
1978,2.0,0.0,0.0,false,0.0
1979,1.0,90.0,3.34,true,129.0
1980,1.0,0.0,0.0,false,0.0
1981,4.0,0.0,0.0,false,0.0
1982,1.0,-5247.299999999888,3.34,true,1088.0
1983,1.0,90.0,3.34,true,124.0
1984,1.0,-5134.499999999889,3.34,true,969.0
1985,1.0,-5012.69999999989,3.34,true,847.0
1986,9.0,-4294.49999999989,12.86,true,128.0
1987,1.0,90.0,3.34,true,604.0
1988,8.0,-4660.799999999891,11.67,true,488.0
1989,6.0,-5253.699999999892,9.29,true,1080.0
1990,5.0,450.0,8.1,true,364.0
1991,4.0,-4778.999999999892,6.91,true,603.0
1992,1.0,-5021.1999999998925,3.34,true,842.0
1993,9.0,-4782.099999999893,12.86,true,601.0
1994,1.0,90.0,3.34,true,724.0
1995,2.0,0.0,0.0,false,0.0
1996,1.0,0.0,0.0,false,0.0
1997,2.0,0.0,0.0,false,0.0
1998,2.0,-4920.099999999895,4.529999999999999,true,729.0
1999,3.0,0.0,0.0,false,0.0
2000,4.0,-4913.099999999896,6.91,true,721.0
2001,1.0,-5037.499999999896,3.34,true,844.0
2002,4.0,0.0,0.0,false,0.0
2003,3.0,0.0,0.0,false,0.0
2004,2.0,-5402.699999999898,4.529999999999999,true,1202.0
2005,2.0,0.0,0.0,false,0.0
2006,3.0,-4809.299999999898,5.72,true,602.0
2007,1.0,-4933.699999999899,3.34,true,726.0
2008,5.0,0.0,0.0,false,0.0
2009,2.0,0.0,0.0,false,0.0
2010,1.0,0.0,0.0,false,0.0
2011,7.0,0.0,0.0,false,0.0
2012,9.0,-4461.1999999999,12.86,true,240.0
2013,1.0,0.0,0.0,false,0.0
2014,1.0,0.0,0.0,false,0.0
2015,4.0,-4719.499999999901,6.91,true,489.0
2016,1.0,90.0,3.34,true,363.0
2017,1.0,-4957.699999999902,3.34,true,726.0
2018,1.0,0.0,0.0,false,0.0
2019,1.0,-5204.999999999903,3.34,true,961.0
2020,8.0,0.0,0.0,false,0.0
2021,2.0,0.0,0.0,false,0.0
2022,2.0,0.0,0.0,false,0.0
2023,7.0,-4497.199999999903,10.48,true,246.0
2024,3.0,-5454.999999999904,5.72,true,1202.0
2025,2.0,-4977.799999999904,4.529999999999999,true,722.0
2026,3.0,270.0,5.72,true,244.0
2027,1.0,90.0,3.34,true,125.0
2028,2.0,0.0,0.0,false,0.0
2029,1.0,-5106.599999999906,3.34,true,841.0
2030,1.0,90.0,3.34,true,241.0
2031,1.0,0.0,0.0,false,0.0
2032,3.0,0.0,0.0,false,0.0
2033,3.0,270.0,5.72,true,241.0
2034,3.0,-4879.099999999908,5.72,true,602.0
2035,4.0,0.0,0.0,false,0.0
2036,2.0,0.0,0.0,false,0.0
2037,1.0,0.0,0.0,false,0.0
2038,1.0,90.0,3.34,true,489.0
2039,4.0,0.0,0.0,false,0.0
2040,2.0,0.0,0.0,false,0.0
2041,4.0,0.0,0.0,false,0.0
2042,1.0,0.0,0.0,false,0.0
2043,1.0,0.0,0.0,false,0.0
2044,1.0,0.0,0.0,false,0.0
2045,1.0,0.0,0.0,false,0.0
2046,6.0,-5262.199999999911,9.29,true,967.0
2047,1.0,90.0,3.34,true,604.0
2048,2.0,180.0,4.529999999999999,true,483.0
2049,4.0,0.0,0.0,false,0.0
2050,1.0,0.0,0.0,false,0.0
2051,8.0,0.0,0.0,false,0.0
2052,2.0,0.0,0.0,false,0.0
2053,1.0,0.0,0.0,false,0.0
2054,1.0,0.0,0.0,false,0.0
2055,4.0,0.0,0.0,false,0.0
2056,1.0,0.0,0.0,false,0.0
2057,2.0,0.0,0.0,false,0.0
2058,1.0,0.0,0.0,false,0.0
2059,2.0,0.0,0.0,false,0.0
2060,3.0,0.0,0.0,false,0.0
2061,3.0,0.0,0.0,false,0.0
2062,3.0,0.0,0.0,false,0.0
2063,1.0,-5060.999999999917,3.34,true,725.0
2064,1.0,-5185.799999999917,3.34,true,848.0
2065,2.0,0.0,0.0,false,0.0
2066,3.0,270.0,5.72,true,367.0
2067,1.0,90.0,3.34,true,361.0
2068,4.0,-5314.299999999918,6.91,true,962.0
2069,4.0,-5434.299999999918,6.91,true,1081.0
2070,2.0,0.0,0.0,false,0.0
2071,1.0,0.0,0.0,false,0.0
2072,2.0,0.0,0.0,false,0.0
2073,3.0,270.0,5.72,true,125.0
2074,3.0,0.0,0.0,false,0.0
2075,1.0,0.0,0.0,false,0.0
2076,1.0,0.0,0.0,false,0.0
2077,1.0,-4972.8999999999205,3.34,true,605.0
2078,4.0,0.0,0.0,false,0.0
2079,1.0,0.0,0.0,false,0.0
2080,2.0,180.0,4.529999999999999,true,242.0
2081,3.0,-5101.1999999999225,5.72,true,729.0
2082,1.0,-4979.899999999923,3.34,true,604.0
2083,2.0,0.0,0.0,false,0.0
2084,2.0,-4984.199999999923,4.529999999999999,true,605.0
2085,9.0,-4621.099999999924,12.86,true,241.0
2086,1.0,0.0,0.0,false,0.0
2087,1.0,-5346.799999999925,3.34,true,962.0
2088,1.0,-5598.299999999925,3.34,true,1203.0
2089,1.0,0.0,0.0,false,0.0
2090,11.0,0.0,0.0,false,0.0
2091,3.0,-4776.899999999925,5.72,true,369.0
2092,7.0,0.0,0.0,false,0.0
2093,1.0,-5379.099999999926,3.34,true,964.0
2094,4.0,0.0,0.0,false,0.0
2095,10.0,-5499.099999999927,14.05,true,1082.0
2096,2.0,0.0,0.0,false,0.0
2097,1.0,0.0,0.0,false,0.0
2098,6.0,0.0,0.0,false,0.0
2099,2.0,0.0,0.0,false,0.0
2100,2.0,0.0,0.0,false,0.0
2101,2.0,0.0,0.0,false,0.0
2102,2.0,0.0,0.0,false,0.0
2103,1.0,0.0,0.0,false,0.0
2104,1.0,0.0,0.0,false,0.0
2105,2.0,-5514.099999999929,4.529999999999999,true,1082.0
2106,2.0,180.0,4.529999999999999,true,120.0
2107,1.0,0.0,0.0,false,0.0
2108,1.0,0.0,0.0,false,0.0
2109,4.0,0.0,0.0,false,0.0
2110,4.0,0.0,0.0,false,0.0
2111,1.0,-5167.599999999933,3.34,true,723.0
2112,1.0,0.0,0.0,false,0.0
2113,4.0,0.0,0.0,false,0.0
2114,10.0,-5413.599999999934,14.05,true,963.0
2115,1.0,-5660.299999999935,3.34,true,1204.0
2116,1.0,90.0,3.34,true,249.0
2117,1.0,90.0,3.34,true,364.0
2118,1.0,-5428.499999999936,3.34,true,967.0
2119,9.0,-5549.7999999999365,12.86,true,1088.0
2120,3.0,270.0,5.72,true,120.0
2121,2.0,0.0,0.0,false,0.0
2122,2.0,-5664.199999999937,4.529999999999999,true,1200.0
2123,1.0,90.0,3.34,true,364.0
2124,1.0,90.0,3.34,true,244.0
2125,6.0,-4710.5999999999385,9.29,true,243.0
2126,7.0,-4717.699999999939,10.48,true,248.0
2127,7.0,-4594.699999999939,10.48,true,124.0
2128,1.0,-5557.999999999939,3.34,true,1085.0
2129,2.0,180.0,4.529999999999999,true,122.0
2130,2.0,-5205.299999999939,4.529999999999999,true,729.0
2131,4.0,-4967.99999999994,6.91,true,489.0
2132,2.0,180.0,4.529999999999999,true,123.0
2133,9.0,-4604.999999999941,12.86,true,123.0
2134,2.0,-5690.799999999941,4.529999999999999,true,1206.0
2135,1.0,-5451.199999999942,3.34,true,965.0
2136,1.0,0.0,0.0,false,0.0
2137,4.0,-5332.499999999943,6.91,true,840.0
2138,1.0,-5219.499999999943,3.34,true,723.0
2139,1.0,-5099.999999999943,3.34,true,601.0
2140,9.0,0.0,0.0,false,0.0
2141,2.0,0.0,0.0,false,0.0
2142,4.0,0.0,0.0,false,0.0
2143,3.0,0.0,0.0,false,0.0
2144,3.0,0.0,0.0,false,0.0
2145,2.0,0.0,0.0,false,0.0
2146,2.0,0.0,0.0,false,0.0
2147,2.0,0.0,0.0,false,0.0
2148,4.0,0.0,0.0,false,0.0
2149,7.0,0.0,0.0,false,0.0
2150,2.0,0.0,0.0,false,0.0
2151,4.0,0.0,0.0,false,0.0
2152,4.0,0.0,0.0,false,0.0
2153,2.0,0.0,0.0,false,0.0
2154,1.0,-5249.499999999949,3.34,true,722.0
2155,1.0,0.0,0.0,false,0.0
2156,3.0,0.0,0.0,false,0.0
2157,5.0,0.0,0.0,false,0.0
2158,4.0,0.0,0.0,false,0.0
2159,3.0,0.0,0.0,false,0.0
2160,2.0,0.0,0.0,false,0.0
2161,3.0,0.0,0.0,false,0.0
2162,4.0,0.0,0.0,false,0.0
2163,6.0,0.0,0.0,false,0.0
2164,1.0,-5626.999999999953,3.34,true,1088.0
2165,1.0,-5508.699999999953,3.34,true,967.0
2166,6.0,-5272.199999999953,9.29,true,729.0
2167,3.0,0.0,0.0,false,0.0
2168,1.0,0.0,0.0,false,0.0
2169,1.0,-5029.799999999955,3.34,true,481.0
2170,5.0,0.0,0.0,false,0.0
2171,2.0,-5278.499999999955,4.529999999999999,true,728.0
2172,6.0,0.0,0.0,false,0.0
2173,1.0,-5035.399999999957,3.34,true,483.0
2174,1.0,-5281.599999999958,3.34,true,728.0
2175,3.0,0.0,0.0,false,0.0
2176,1.0,0.0,0.0,false,0.0
2177,1.0,0.0,0.0,false,0.0
2178,4.0,0.0,0.0,false,0.0
2179,7.0,0.0,0.0,false,0.0
2180,1.0,0.0,0.0,false,0.0
2181,1.0,0.0,0.0,false,0.0
2182,2.0,0.0,0.0,false,0.0
2183,3.0,0.0,0.0,false,0.0
2184,2.0,0.0,0.0,false,0.0
2185,2.0,-5185.099999999963,4.529999999999999,true,606.0
2186,1.0,-5790.799999999964,3.34,true,1207.0
2187,1.0,-5065.199999999964,3.34,true,480.0
2188,6.0,-5185.399999999965,9.29,true,600.0
2189,3.0,-5195.799999999966,5.72,true,609.0
2190,20.0,-5551.299999999966,25.95,true,964.0
2191,2.0,0.0,0.0,false,0.0
2192,9.0,0.0,0.0,false,0.0
2193,6.0,0.0,0.0,false,0.0
2194,1.0,-5445.599999999968,3.34,true,847.0
2195,5.0,-5443.399999999968,8.1,true,841.0
2196,10.0,0.0,0.0,false,0.0
2197,1.0,0.0,0.0,false,0.0
2198,3.0,-5330.199999999969,5.72,true,722.0
2199,4.0,0.0,0.0,false,0.0
2200,8.0,-5092.099999999969,11.67,true,481.0
2201,1.0,90.0,3.34,true,121.0
2202,1.0,0.0,0.0,false,0.0
2203,2.0,0.0,0.0,false,0.0
2204,3.0,0.0,0.0,false,0.0
2205,4.0,-5577.999999999972,6.91,true,960.0
2206,3.0,-5108.999999999972,5.72,true,484.0
2207,1.0,-5594.499999999972,3.34,true,969.0
2208,2.0,0.0,0.0,false,0.0
2209,1.0,0.0,0.0,false,0.0
2210,1.0,-5484.099999999973,3.34,true,844.0
2211,2.0,-5362.999999999974,4.529999999999999,true,721.0
2212,8.0,0.0,0.0,false,0.0
2213,1.0,-5251.199999999974,3.34,true,604.0
2214,3.0,-5735.399999999975,5.72,true,1088.0
2215,4.0,-5733.399999999975,6.91,true,1080.0
2216,1.0,-5142.499999999975,3.34,true,485.0
2217,6.0,-4785.899999999976,9.29,true,128.0
2218,1.0,0.0,0.0,false,0.0
2219,5.0,-5867.199999999977,8.1,true,1207.0
2220,1.0,0.0,0.0,false,0.0
2221,1.0,0.0,0.0,false,0.0
2222,2.0,0.0,0.0,false,0.0
2223,1.0,-5638.399999999979,3.34,true,968.0
2224,1.0,0.0,0.0,false,0.0
2225,1.0,0.0,0.0,false,0.0
2226,10.0,-5762.99999999998,14.05,true,1085.0
2227,1.0,0.0,0.0,false,0.0
2228,2.0,0.0,0.0,false,0.0
2229,1.0,0.0,0.0,false,0.0
2230,1.0,0.0,0.0,false,0.0
2231,6.0,0.0,0.0,false,0.0
2232,4.0,-5655.6999999999825,6.91,true,968.0
2233,2.0,-5175.099999999983,4.529999999999999,true,481.0
2234,3.0,-5543.199999999983,5.72,true,848.0
2235,3.0,0.0,0.0,false,0.0
2236,7.0,0.0,0.0,false,0.0
2237,4.0,0.0,0.0,false,0.0
2238,3.0,-5678.499999999985,5.72,true,963.0
2239,3.0,-5919.699999999986,5.72,true,1204.0
2240,1.0,0.0,0.0,false,0.0
2241,1.0,0.0,0.0,false,0.0
2242,1.0,0.0,0.0,false,0.0
2243,3.0,-5564.399999999988,5.72,true,843.0
2244,1.0,0.0,0.0,false,0.0
2245,2.0,0.0,0.0,false,0.0
2246,3.0,0.0,0.0,false,0.0
2247,5.0,0.0,0.0,false,0.0
2248,1.0,0.0,0.0,false,0.0
2249,7.0,0.0,0.0,false,0.0
2250,4.0,0.0,0.0,false,0.0
2251,1.0,-5583.499999999991,3.34,true,848.0
2252,6.0,-4985.499999999991,9.29,true,246.0
2253,1.0,0.0,0.0,false,0.0
2254,1.0,0.0,0.0,false,0.0
2255,3.0,0.0,0.0,false,0.0
2256,3.0,0.0,0.0,false,0.0
2257,5.0,0.0,0.0,false,0.0
2258,4.0,0.0,0.0,false,0.0
2259,10.0,-5597.799999999994,14.05,true,843.0
2260,3.0,-5480.099999999994,5.72,true,725.0
2261,1.0,90.0,3.34,true,129.0
2262,4.0,-5479.499999999995,6.91,true,723.0
2263,1.0,-5482.199999999996,3.34,true,724.0
2264,2.0,0.0,0.0,false,0.0
2265,4.0,0.0,0.0,false,0.0
2266,2.0,-5845.999999999997,4.529999999999999,true,1086.0
2267,5.0,0.0,0.0,false,0.0
2268,1.0,0.0,0.0,false,0.0
2269,2.0,0.0,0.0,false,0.0
2270,2.0,0.0,0.0,false,0.0
2271,4.0,-5498.299999999999,6.91,true,729.0
2272,5.0,-5738.9,8.1,true,968.0
2273,1.0,-5617.1,3.34,true,841.0
2274,3.0,-5858.300000000001,5.72,true,1081.0
2275,2.0,-5631.600000000001,4.529999999999999,true,847.0
2276,6.0,-5872.300000000002,9.29,true,1085.0
2277,13.0,-5872.500000000003,17.619999999999997,true,1083.0
2278,3.0,-5278.7000000000035,5.72,true,488.0
2279,1.0,-5518.000000000004,3.34,true,727.0
2280,2.0,-5517.300000000004,4.529999999999999,true,724.0
2281,4.0,-5164.800000000004,6.91,true,369.0
2282,3.0,-5640.200000000004,5.72,true,841.0
2283,4.0,-5881.900000000005,6.91,true,1082.0
2284,1.0,-5283.0000000000055,3.34,true,482.0
2285,1.0,-5051.200000000006,3.34,true,249.0
2286,3.0,-5402.900000000007,5.72,true,600.0
2287,6.0,0.0,0.0,false,0.0
2288,4.0,-6012.400000000008,6.91,true,1206.0
2289,5.0,0.0,0.0,false,0.0
2290,5.0,0.0,0.0,false,0.0
2291,2.0,-5177.600000000009,4.529999999999999,true,361.0
2292,3.0,0.0,0.0,false,0.0
2293,4.0,-5907.000000000009,6.91,true,1083.0
2294,2.0,0.0,0.0,false,0.0
2295,6.0,0.0,0.0,false,0.0
2296,2.0,0.0,0.0,false,0.0
2297,6.0,-5075.9000000000115,9.29,true,247.0
2298,4.0,0.0,0.0,false,0.0
2299,3.0,0.0,0.0,false,0.0
2300,1.0,0.0,0.0,false,0.0
2301,1.0,0.0,0.0,false,0.0
2302,3.0,-5686.700000000013,5.72,true,846.0
2303,3.0,-5809.000000000013,5.72,true,965.0
2304,4.0,-5690.300000000013,6.91,true,842.0
2305,3.0,-4982.100000000013,5.72,true,124.0
2306,1.0,-6065.2000000000135,3.34,true,1206.0
2307,1.0,-5104.7000000000135,3.34,true,242.0
2308,3.0,-5480.800000000014,5.72,true,609.0
2309,3.0,-5598.700000000014,5.72,true,725.0
2310,1.0,-6079.600000000015,3.34,true,1205.0
2311,1.0,-5360.200000000015,3.34,true,483.0
2312,1.0,-5598.100000000016,3.34,true,720.0
2313,1.0,-6079.300000000017,3.34,true,1201.0
2314,3.0,-5962.400000000017,5.72,true,1084.0
2315,2.0,-5009.900000000017,4.529999999999999,true,125.0
2316,1.0,-5373.200000000017,3.34,true,488.0
2317,1.0,0.0,0.0,false,0.0
2318,2.0,0.0,0.0,false,0.0
2319,1.0,0.0,0.0,false,0.0
2320,1.0,0.0,0.0,false,0.0
2321,1.0,0.0,0.0,false,0.0
2322,3.0,-5988.000000000018,5.72,true,1089.0
2323,3.0,0.0,0.0,false,0.0
2324,2.0,0.0,0.0,false,0.0
2325,1.0,0.0,0.0,false,0.0
2326,2.0,0.0,0.0,false,0.0
2327,2.0,0.0,0.0,false,0.0
2328,1.0,0.0,0.0,false,0.0
2329,3.0,0.0,0.0,false,0.0
2330,10.0,0.0,0.0,false,0.0
2331,2.0,0.0,0.0,false,0.0
2332,2.0,-5882.500000000023,4.529999999999999,true,968.0
2333,5.0,0.0,0.0,false,0.0
2334,2.0,0.0,0.0,false,0.0
2335,3.0,-5892.600000000024,5.72,true,967.0
2336,1.0,0.0,0.0,false,0.0
2337,4.0,0.0,0.0,false,0.0
2338,2.0,0.0,0.0,false,0.0
2339,2.0,0.0,0.0,false,0.0
2340,2.0,0.0,0.0,false,0.0
2341,1.0,0.0,0.0,false,0.0
2342,3.0,0.0,0.0,false,0.0
2343,8.0,0.0,0.0,false,0.0
2344,4.0,0.0,0.0,false,0.0
2345,1.0,0.0,0.0,false,0.0
2346,1.0,0.0,0.0,false,0.0
2347,2.0,0.0,0.0,false,0.0
2348,1.0,-5207.100000000029,3.34,true,245.0
2349,4.0,-5687.100000000029,6.91,true,724.0
2350,2.0,-5685.000000000029,4.529999999999999,true,720.0
2351,4.0,0.0,0.0,false,0.0
2352,2.0,-5935.90000000003,4.529999999999999,true,961.0
2353,2.0,-5221.20000000003,4.529999999999999,true,242.0
2354,4.0,-6072.400000000031,6.91,true,1087.0
2355,1.0,-5477.100000000031,3.34,true,489.0
2356,2.0,-5838.700000000032,4.529999999999999,true,848.0
2357,1.0,-5833.200000000032,3.34,true,840.0
2358,2.0,-5839.800000000032,4.529999999999999,true,844.0
2359,2.0,-6090.100000000032,4.529999999999999,true,1089.0
2360,1.0,-5250.200000000033,3.34,true,248.0
2361,4.0,-5364.500000000033,6.91,true,362.0
2362,2.0,0.0,0.0,false,0.0
2363,2.0,0.0,0.0,false,0.0
2364,2.0,0.0,0.0,false,0.0
2365,2.0,0.0,0.0,false,0.0
2366,3.0,0.0,0.0,false,0.0
2367,1.0,0.0,0.0,false,0.0
2368,4.0,0.0,0.0,false,0.0
2369,7.0,0.0,0.0,false,0.0
2370,1.0,0.0,0.0,false,0.0
2371,7.0,0.0,0.0,false,0.0
